{"Mean":{"confidence_interval":{"confidence_level":0.95,"lower_bound":101886.93106037358,"upper_bound":102558.78558314052},"point_estimate":102210.05112043662,"standard_error":171.53557832455525},"Median":{"confidence_interval":{"confidence_level":0.95,"lower_bound":101702.45283018867,"upper_bound":102287.5},"point_estimate":102098.31628477905,"standard_error":131.23645646523832},"MedianAbsDev":{"confidence_interval":{"confidence_level":0.95,"lower_bound":869.4489049389093,"upper_bound":1554.8002992509853},"point_estimate":1224.6611354046697,"standard_error":171.73248033102772},"Slope":{"confidence_interval":{"confidence_level":0.95,"lower_bound":101548.25402655201,"upper_bound":101947.31038425666},"point_estimate":101735.89658637505,"standard_error":101.6185756242979},"StdDev":{"confidence_interval":{"confidence_level":0.95,"lower_bound":1290.6945521704406,"upper_bound":2094.9835304633175},"point_estimate":1720.4553140214032,"standard_error":206.5189393035298}}