{"Mean":{"confidence_interval":{"confidence_level":0.95,"lower_bound":6540.927201928016,"upper_bound":6572.952676833187},"point_estimate":6555.602439356898,"standard_error":8.139457365902244},"Median":{"confidence_interval":{"confidence_level":0.95,"lower_bound":6516.306107431935,"upper_bound":6560.906456953642},"point_estimate":6530.3463024282555,"standard_error":11.095762588024886},"MedianAbsDev":{"confidence_interval":{"confidence_level":0.95,"lower_bound":38.42471426016661,"upper_bound":77.20302083829054},"point_estimate":57.97346050922668,"standard_error":10.720680617449265},"Slope":{"confidence_interval":{"confidence_level":0.95,"lower_bound":6533.362303605608,"upper_bound":6593.519743128691},"point_estimate":6558.521152026244,"standard_error":15.562862078991039},"StdDev":{"confidence_interval":{"confidence_level":0.95,"lower_bound":52.114771819738706,"upper_bound":115.57383311984357},"point_estimate":82.09041100885514,"standard_error":18.133788800548906}}