{"Mean":{"confidence_interval":{"confidence_level":0.95,"lower_bound":6577.355592973661,"upper_bound":6620.209038153837},"point_estimate":6598.507542102804,"standard_error":10.923558911516727},"Median":{"confidence_interval":{"confidence_level":0.95,"lower_bound":6556.133333333333,"upper_bound":6619.174947305029},"point_estimate":6596.469348659004,"standard_error":16.322135151251814},"MedianAbsDev":{"confidence_interval":{"confidence_level":0.95,"lower_bound":105.01301091867796,"upper_bound":156.60928158326564},"point_estimate":141.4157368093337,"standard_error":13.021387232063708},"Slope":{"confidence_interval":{"confidence_level":0.95,"lower_bound":6598.805025412233,"upper_bound":6652.751386489771},"point_estimate":6624.625754396335,"standard_error":13.72233448443758},"StdDev":{"confidence_interval":{"confidence_level":0.95,"lower_bound":94.42299508541785,"upper_bound":124.42953008904881},"point_estimate":109.61256283239852,"standard_error":7.691249897331497}}