{"Mean":{"confidence_interval":{"confidence_level":0.95,"lower_bound":34746.2848442167,"upper_bound":34807.424689532694},"point_estimate":34776.754313310914,"standard_error":15.573242071094075},"Median":{"confidence_interval":{"confidence_level":0.95,"lower_bound":34759.05172413793,"upper_bound":34803.38362068965},"point_estimate":34786.01260449321,"standard_error":11.288409266188856},"MedianAbsDev":{"confidence_interval":{"confidence_level":0.95,"lower_bound":68.82183119644058,"upper_bound":119.56637161922706},"point_estimate":91.26492745293099,"standard_error":13.419285369303521},"Slope":{"confidence_interval":{"confidence_level":0.95,"lower_bound":34811.36141974121,"upper_bound":34875.364949982555},"point_estimate":34840.433014171205,"standard_error":16.45453225192848},"StdDev":{"confidence_interval":{"confidence_level":0.95,"lower_bound":122.71500665590982,"upper_bound":188.64703085864218},"point_estimate":156.66346451121342,"standard_error":16.885865383221564}}