{"Mean":{"confidence_interval":{"confidence_level":0.95,"lower_bound":35002.81473738396,"upper_bound":35105.609105078554},"point_estimate":35054.131196425995,"standard_error":26.204472794728993},"Median":{"confidence_interval":{"confidence_level":0.95,"lower_bound":35012.633415435135,"upper_bound":35198.316091954024},"point_estimate":35121.976709013914,"standard_error":51.49530431257158},"MedianAbsDev":{"confidence_interval":{"confidence_level":0.95,"lower_bound":145.3784483330446,"upper_bound":344.54369822445767},"point_estimate":254.24298921669214,"standard_error":50.66813810720422},"Slope":{"confidence_interval":{"confidence_level":0.95,"lower_bound":34985.36137394938,"upper_bound":35112.04840054889},"point_estimate":35048.08270358688,"standard_error":32.539873208965616},"StdDev":{"confidence_interval":{"confidence_level":0.95,"lower_bound":229.69399184887536,"upper_bound":295.32592750469365},"point_estimate":263.3122629676382,"standard_error":16.789027226824246}}