{"Mean":{"confidence_interval":{"confidence_level":0.95,"lower_bound":3719.7475309883057,"upper_bound":3756.8680932841758},"point_estimate":3736.700837261968,"standard_error":9.53686226116804},"Median":{"confidence_interval":{"confidence_level":0.95,"lower_bound":3694.348952814862,"upper_bound":3707.4843260188086},"point_estimate":3700.471435130526,"standard_error":3.7468752327785277},"MedianAbsDev":{"confidence_interval":{"confidence_level":0.95,"lower_bound":15.027754781221702,"upper_bound":38.56934171654279},"point_estimate":22.635133695819214,"standard_error":6.302142625072976},"Slope":{"confidence_interval":{"confidence_level":0.95,"lower_bound":3709.482721727278,"upper_bound":3740.0635574621606},"point_estimate":3722.481414932538,"standard_error":7.909350674060128},"StdDev":{"confidence_interval":{"confidence_level":0.95,"lower_bound":54.74139465596546,"upper_bound":131.45261224909575},"point_estimate":95.84879631051477,"standard_error":19.668543080625454}}