{"Mean":{"confidence_interval":{"confidence_level":0.95,"lower_bound":3680.9016358983818,"upper_bound":3693.5110335414047},"point_estimate":3687.083411181025,"standard_error":3.2241811718716478},"Median":{"confidence_interval":{"confidence_level":0.95,"lower_bound":3671.688432835821,"upper_bound":3688.9049978517924},"point_estimate":3677.919831645345,"standard_error":4.9537016419283155},"MedianAbsDev":{"confidence_interval":{"confidence_level":0.95,"lower_bound":21.375676777587792,"upper_bound":40.55892521764347},"point_estimate":32.57518000131894,"standard_error":4.807911956842256},"Slope":{"confidence_interval":{"confidence_level":0.95,"lower_bound":3684.618979593588,"upper_bound":3701.0654708463894},"point_estimate":3692.742587491095,"standard_error":4.198828523978471},"StdDev":{"confidence_interval":{"confidence_level":0.95,"lower_bound":27.42309821915967,"upper_bound":37.168973920016036},"point_estimate":32.39695954634443,"standard_error":2.495249338466488}}