{"Mean":{"confidence_interval":{"confidence_level":0.95,"lower_bound":142.67763906830305,"upper_bound":143.48091704496633},"point_estimate":143.0521580556436,"standard_error":0.20480187353806054},"Median":{"confidence_interval":{"confidence_level":0.95,"lower_bound":143.29829764636332,"upper_bound":143.5058034023997},"point_estimate":143.4739247061522,"standard_error":0.058704942396844234},"MedianAbsDev":{"confidence_interval":{"confidence_level":0.95,"lower_bound":0.22930434087317858,"upper_bound":0.7849635046593878},"point_estimate":0.4814793146436756,"standard_error":0.151323166994852},"Slope":{"confidence_interval":{"confidence_level":0.95,"lower_bound":143.09018925513254,"upper_bound":144.4378614391016},"point_estimate":143.67956447621845,"standard_error":0.3466118281295359},"StdDev":{"confidence_interval":{"confidence_level":0.95,"lower_bound":1.2941985848441222,"upper_bound":2.928223479942566},"point_estimate":2.0642459238761246,"standard_error":0.4626012148340597}}