{"Mean":{"confidence_interval":{"confidence_level":0.95,"lower_bound":-0.10537455313374713,"upper_bound":-0.10112685887475173},"point_estimate":-0.10322233774757894,"standard_error":0.001085098142501884},"Median":{"confidence_interval":{"confidence_level":0.95,"lower_bound":-0.1068063538285372,"upper_bound":-0.10287394574070408},"point_estimate":-0.10502007709791916,"standard_error":0.0010543572799175786}}