{"Mean":{"confidence_interval":{"confidence_level":0.95,"lower_bound":-0.18598257616809216,"upper_bound":-0.17693769641179893},"point_estimate":-0.18162540968904006,"standard_error":0.0022043660364133135},"Median":{"confidence_interval":{"confidence_level":0.95,"lower_bound":-0.18945327103142706,"upper_bound":-0.1858782976289407},"point_estimate":-0.18763422623825454,"standard_error":0.000926348180844221}}