{"Mean":{"confidence_interval":{"confidence_level":0.95,"lower_bound":41514.907520147615,"upper_bound":41723.6741514043},"point_estimate":41608.42182843426,"standard_error":53.365661894016306},"Median":{"confidence_interval":{"confidence_level":0.95,"lower_bound":41394.53125,"upper_bound":41543.115942028984},"point_estimate":41477.983695652176,"standard_error":36.4395510494431},"MedianAbsDev":{"confidence_interval":{"confidence_level":0.95,"lower_bound":160.43255515009247,"upper_bound":322.6090966751985},"point_estimate":226.89638576844,"standard_error":42.64243659155791},"Slope":{"confidence_interval":{"confidence_level":0.95,"lower_bound":41523.74728212428,"upper_bound":41777.47964924388},"point_estimate":41633.22610955125,"standard_error":65.51362379939316},"StdDev":{"confidence_interval":{"confidence_level":0.95,"lower_bound":273.0520346779294,"upper_bound":774.5195709593936},"point_estimate":535.7962759192989,"standard_error":131.3097960959037}}