{"Mean":{"confidence_interval":{"confidence_level":0.95,"lower_bound":41957.096413957355,"upper_bound":42107.02486566875},"point_estimate":42028.49655201463,"standard_error":38.26384075320072},"Median":{"confidence_interval":{"confidence_level":0.95,"lower_bound":41849.899598393575,"upper_bound":42087.88938188495},"point_estimate":42014.08333333333,"standard_error":60.10110568170082},"MedianAbsDev":{"confidence_interval":{"confidence_level":0.95,"lower_bound":279.5318700373137,"upper_bound":422.8613241307758},"point_estimate":373.40780587069065,"standard_error":36.41271278966761},"Slope":{"confidence_interval":{"confidence_level":0.95,"lower_bound":41950.07260936829,"upper_bound":42155.08177962557},"point_estimate":42045.31167183883,"standard_error":52.36866716546185},"StdDev":{"confidence_interval":{"confidence_level":0.95,"lower_bound":269.9847446628749,"upper_bound":497.78664233996824},"point_estimate":384.9153093030247,"standard_error":59.27285403254111}}