{"Mean":{"confidence_interval":{"confidence_level":0.95,"lower_bound":-0.006462495890471281,"upper_bound":0.004622521387451033},"point_estimate":-0.001167012019415825,"standard_error":0.0028359953008733063},"Median":{"confidence_interval":{"confidence_level":0.95,"lower_bound":-0.0077732459117973995,"upper_bound":-0.001329401466960367},"point_estimate":-0.006932688847777757,"standard_error":0.0019240147710185966}}