{"Mean":{"confidence_interval":{"confidence_level":0.95,"lower_bound":-0.00031245118251706764,"upper_bound":0.0034756227950281135},"point_estimate":0.001598222939434013,"standard_error":0.0009723553889329186},"Median":{"confidence_interval":{"confidence_level":0.95,"lower_bound":0.0007670358434188618,"upper_bound":0.0028672878556625925},"point_estimate":0.0016588497752769715,"standard_error":0.0005285574237891953}}