{"Mean":{"confidence_interval":{"confidence_level":0.95,"lower_bound":194.93134490773858,"upper_bound":195.4001449683181},"point_estimate":195.15652616979983,"standard_error":0.11956927399543164},"Median":{"confidence_interval":{"confidence_level":0.95,"lower_bound":194.63064437646864,"upper_bound":194.91825250599348},"point_estimate":194.72374241208092,"standard_error":0.07508842701164765},"MedianAbsDev":{"confidence_interval":{"confidence_level":0.95,"lower_bound":0.45997409023139085,"upper_bound":0.8976456650852462},"point_estimate":0.6565648783958633,"standard_error":0.11330442489024743},"Slope":{"confidence_interval":{"confidence_level":0.95,"lower_bound":194.943910453243,"upper_bound":195.49048246453378},"point_estimate":195.19858213506456,"standard_error":0.1393268177281116},"StdDev":{"confidence_interval":{"confidence_level":0.95,"lower_bound":0.9495867721216456,"upper_bound":1.4521890266486737},"point_estimate":1.2067241532175148,"standard_error":0.1286732137123402}}