{"Mean":{"confidence_interval":{"confidence_level":0.95,"lower_bound":155.26394067224612,"upper_bound":157.09094294840108},"point_estimate":155.99847534617112,"standard_error":0.48197977719516993},"Median":{"confidence_interval":{"confidence_level":0.95,"lower_bound":155.1788519903573,"upper_bound":155.74321346164746},"point_estimate":155.47520176032953,"standard_error":0.16541598866619217},"MedianAbsDev":{"confidence_interval":{"confidence_level":0.95,"lower_bound":0.7041842997027122,"upper_bound":1.2966577665932217},"point_estimate":0.8967430792809786,"standard_error":0.14937541038710817},"Slope":{"confidence_interval":{"confidence_level":0.95,"lower_bound":154.95530246870834,"upper_bound":155.74164781756568},"point_estimate":155.32585034970646,"standard_error":0.20057954788529167},"StdDev":{"confidence_interval":{"confidence_level":0.95,"lower_bound":1.144294458047811,"upper_bound":7.90827674968939},"point_estimate":4.85691239784217,"standard_error":2.0025324319450375}}