{"Mean":{"confidence_interval":{"confidence_level":0.95,"lower_bound":7523.943642990705,"upper_bound":7542.970606028845},"point_estimate":7533.069598534758,"standard_error":4.868529108335278},"Median":{"confidence_interval":{"confidence_level":0.95,"lower_bound":7512.606985889429,"upper_bound":7534.923664122138},"point_estimate":7520.512155658812,"standard_error":6.713418662789959},"MedianAbsDev":{"confidence_interval":{"confidence_level":0.95,"lower_bound":29.739790642470464,"upper_bound":54.65113393509247},"point_estimate":36.56769072949811,"standard_error":6.428960680902303},"Slope":{"confidence_interval":{"confidence_level":0.95,"lower_bound":7525.26850383934,"upper_bound":7549.033576833935},"point_estimate":7536.705784808856,"standard_error":6.050946743370871},"StdDev":{"confidence_interval":{"confidence_level":0.95,"lower_bound":37.244110112770116,"upper_bound":62.35416803699674},"point_estimate":49.092797729028696,"standard_error":6.673369025645396}}