{"Mean":{"confidence_interval":{"confidence_level":0.95,"lower_bound":7495.947559264309,"upper_bound":7515.448578539743},"point_estimate":7504.73927372005,"standard_error":4.976756273031233},"Median":{"confidence_interval":{"confidence_level":0.95,"lower_bound":7488.495906508895,"upper_bound":7498.762408075385},"point_estimate":7493.675433791253,"standard_error":2.727780961145718},"MedianAbsDev":{"confidence_interval":{"confidence_level":0.95,"lower_bound":15.564910708939017,"upper_bound":26.202045454697675},"point_estimate":20.343436276450326,"standard_error":2.7168864685109178},"Slope":{"confidence_interval":{"confidence_level":0.95,"lower_bound":7494.530113381055,"upper_bound":7506.334249042554},"point_estimate":7500.07211016191,"standard_error":3.009550706915202},"StdDev":{"confidence_interval":{"confidence_level":0.95,"lower_bound":28.830574289996584,"upper_bound":72.67239054030749},"point_estimate":50.08715848055101,"standard_error":12.679546025310097}}