{"Mean":{"confidence_interval":{"confidence_level":0.95,"lower_bound":156.19827416788482,"upper_bound":156.56817633751814},"point_estimate":156.37055523631028,"standard_error":0.09428292868023375},"Median":{"confidence_interval":{"confidence_level":0.95,"lower_bound":155.9985727709519,"upper_bound":156.26541959715726},"point_estimate":156.1098328675036,"standard_error":0.07471908502941275},"MedianAbsDev":{"confidence_interval":{"confidence_level":0.95,"lower_bound":0.35625394907039953,"upper_bound":0.6845199907523818},"point_estimate":0.5045672094982337,"standard_error":0.082805316770476},"Slope":{"confidence_interval":{"confidence_level":0.95,"lower_bound":156.17740061013512,"upper_bound":156.55867631913043},"point_estimate":156.35920615417714,"standard_error":0.09746983407470002},"StdDev":{"confidence_interval":{"confidence_level":0.95,"lower_bound":0.6600999185179898,"upper_bound":1.2558949890992448},"point_estimate":0.9422036155294408,"standard_error":0.16345139542768866}}