{"Mean":{"confidence_interval":{"confidence_level":0.95,"lower_bound":6.407444362518407,"upper_bound":6.419050856035908},"point_estimate":6.413062913953184,"standard_error":0.0029638377132631985},"Median":{"confidence_interval":{"confidence_level":0.95,"lower_bound":6.401444750893928,"upper_bound":6.411971029806482},"point_estimate":6.404740446239625,"standard_error":0.0027893941933198286},"MedianAbsDev":{"confidence_interval":{"confidence_level":0.95,"lower_bound":0.014819009128224564,"upper_bound":0.027324699305767326},"point_estimate":0.02148687629308863,"standard_error":0.003090818007809683},"Slope":{"confidence_interval":{"confidence_level":0.95,"lower_bound":6.408251343241069,"upper_bound":6.420671712129271},"point_estimate":6.414028194662089,"standard_error":0.0031681162405514367},"StdDev":{"confidence_interval":{"confidence_level":0.95,"lower_bound":0.023261976261868624,"upper_bound":0.03580920016550586},"point_estimate":0.029888408195009986,"standard_error":0.003203181640059573}}