{"Mean":{"confidence_interval":{"confidence_level":0.95,"lower_bound":7.550155067406089,"upper_bound":7.5691158817444935},"point_estimate":7.558752176923191,"standard_error":0.004860366932742249},"Median":{"confidence_interval":{"confidence_level":0.95,"lower_bound":7.541235041062361,"upper_bound":7.5546952069411955},"point_estimate":7.545237686301171,"standard_error":0.003428348071413078},"MedianAbsDev":{"confidence_interval":{"confidence_level":0.95,"lower_bound":0.017480264971468217,"upper_bound":0.029245831058880328},"point_estimate":0.024121617441018053,"standard_error":0.0030832781813835714},"Slope":{"confidence_interval":{"confidence_level":0.95,"lower_bound":7.553792292000273,"upper_bound":7.588416331096909},"point_estimate":7.568919792669331,"standard_error":0.008944123892789506},"StdDev":{"confidence_interval":{"confidence_level":0.95,"lower_bound":0.028892680405408617,"upper_bound":0.06936757387335464},"point_estimate":0.0488459195558601,"standard_error":0.011276835541332032}}