{"Mean":{"confidence_interval":{"confidence_level":0.95,"lower_bound":177.4150627338958,"upper_bound":190.13338098676536},"point_estimate":183.73649475607905,"standard_error":3.250535243705904},"Median":{"confidence_interval":{"confidence_level":0.95,"lower_bound":154.48782072929077,"upper_bound":216.37283195002522},"point_estimate":157.38818896332467,"standard_error":21.403752584349284},"MedianAbsDev":{"confidence_interval":{"confidence_level":0.95,"lower_bound":3.075040710761033,"upper_bound":49.5056241162713},"point_estimate":7.4625984690287925,"standard_error":11.451311873738339},"Slope":{"confidence_interval":{"confidence_level":0.95,"lower_bound":158.11848896445622,"upper_bound":163.97080117491342},"point_estimate":160.6345463773641,"standard_error":1.4916118678599528},"StdDev":{"confidence_interval":{"confidence_level":0.95,"lower_bound":31.319919624394657,"upper_bound":33.25153349955916},"point_estimate":32.6529838363122,"standard_error":0.48669154630476863}}