{"Mean":{"confidence_interval":{"confidence_level":0.95,"lower_bound":154.15207543919158,"upper_bound":159.61334825577643},"point_estimate":156.59987394342875,"standard_error":1.3985666620458652},"Median":{"confidence_interval":{"confidence_level":0.95,"lower_bound":152.83949040971513,"upper_bound":153.10803063392598},"point_estimate":152.97411014764154,"standard_error":0.07399834496497402},"MedianAbsDev":{"confidence_interval":{"confidence_level":0.95,"lower_bound":0.3111962357246737,"upper_bound":0.6553471325600153},"point_estimate":0.46253778578143473,"standard_error":0.09360057878035165},"Slope":{"confidence_interval":{"confidence_level":0.95,"lower_bound":153.28866806633906,"upper_bound":154.26278633755527},"point_estimate":153.7077986140053,"standard_error":0.2484575386343072},"StdDev":{"confidence_interval":{"confidence_level":0.95,"lower_bound":7.200547301898812,"upper_bound":19.159608587459992},"point_estimate":14.082554586510895,"standard_error":3.1247809963734268}}