{"Mean":{"confidence_interval":{"confidence_level":0.95,"lower_bound":0.0022452143863507254,"upper_bound":0.010794198256938009},"point_estimate":0.006582404752202287,"standard_error":0.002163638970981833},"Median":{"confidence_interval":{"confidence_level":0.95,"lower_bound":0.004565006007026362,"upper_bound":0.00828237825959377},"point_estimate":0.006350574475136872,"standard_error":0.0009564083622793965}}