{"Mean":{"confidence_interval":{"confidence_level":0.95,"lower_bound":0.10827687311524663,"upper_bound":0.11610173043827106},"point_estimate":0.11206608817547203,"standard_error":0.002008600735813878},"Median":{"confidence_interval":{"confidence_level":0.95,"lower_bound":0.1052487925268688,"upper_bound":0.10784300780627534},"point_estimate":0.10638228939819516,"standard_error":0.00067691493180581}}