{"Mean":{"confidence_interval":{"confidence_level":0.95,"lower_bound":69847.52857214343,"upper_bound":70134.77031470601},"point_estimate":69987.81590901689,"standard_error":73.40025515103234},"Median":{"confidence_interval":{"confidence_level":0.95,"lower_bound":69525.92592592593,"upper_bound":70232.01388888889},"point_estimate":69757.58333333334,"standard_error":187.58804582736826},"MedianAbsDev":{"confidence_interval":{"confidence_level":0.95,"lower_bound":482.9419758978494,"upper_bound":955.9640624671398},"point_estimate":748.4917460139559,"standard_error":125.5005795139814},"Slope":{"confidence_interval":{"confidence_level":0.95,"lower_bound":70173.40560684043,"upper_bound":70483.21056329308},"point_estimate":70335.27183882568,"standard_error":78.92621691857298},"StdDev":{"confidence_interval":{"confidence_level":0.95,"lower_bound":621.6192338155123,"upper_bound":853.7776228230264},"point_estimate":739.1565586247842,"standard_error":59.58709930360664}}