{"Mean":{"confidence_interval":{"confidence_level":0.95,"lower_bound":14.459755026543379,"upper_bound":14.506160352714057},"point_estimate":14.482713582058452,"standard_error":0.011868340025264467},"Median":{"confidence_interval":{"confidence_level":0.95,"lower_bound":14.416850031923605,"upper_bound":14.533729000183515},"point_estimate":14.482991380504124,"standard_error":0.02850991944149779},"MedianAbsDev":{"confidence_interval":{"confidence_level":0.95,"lower_bound":0.0974944893534174,"upper_bound":0.1724817481307758},"point_estimate":0.15905819016932526,"standard_error":0.019335893931398854},"Slope":{"confidence_interval":{"confidence_level":0.95,"lower_bound":14.505408480478073,"upper_bound":14.547340468195664},"point_estimate":14.527941820860558,"standard_error":0.010722040053375277},"StdDev":{"confidence_interval":{"confidence_level":0.95,"lower_bound":0.10258493892604878,"upper_bound":0.1378775348610396},"point_estimate":0.11918716508668777,"standard_error":0.009214670222691793}}