{"Mean":{"confidence_interval":{"confidence_level":0.95,"lower_bound":6585.668839828875,"upper_bound":6610.316956153824},"point_estimate":6598.015217718177,"standard_error":6.307341456368535},"Median":{"confidence_interval":{"confidence_level":0.95,"lower_bound":6590.459209664507,"upper_bound":6619.205298013245},"point_estimate":6610.875770723909,"standard_error":6.093021700853306},"MedianAbsDev":{"confidence_interval":{"confidence_level":0.95,"lower_bound":41.76185037931322,"upper_bound":92.70404585379775},"point_estimate":67.66286111457681,"standard_error":13.783490256278105},"Slope":{"confidence_interval":{"confidence_level":0.95,"lower_bound":6599.3777069743965,"upper_bound":6634.086686002805},"point_estimate":6617.591993478284,"standard_error":8.857095123908195},"StdDev":{"confidence_interval":{"confidence_level":0.95,"lower_bound":55.92704325158863,"upper_bound":69.71376521132426},"point_estimate":63.34448791387379,"standard_error":3.5274084217843575}}