{"Mean":{"confidence_interval":{"confidence_level":0.95,"lower_bound":234.37147969916558,"upper_bound":235.04042778237866},"point_estimate":234.68478876267662,"standard_error":0.1710998630174009},"Median":{"confidence_interval":{"confidence_level":0.95,"lower_bound":234.04837415328478,"upper_bound":234.33995659139063},"point_estimate":234.18403441682602,"standard_error":0.08049318636934151},"MedianAbsDev":{"confidence_interval":{"confidence_level":0.95,"lower_bound":0.3956487510946791,"upper_bound":0.7242255128525389},"point_estimate":0.5235122826622054,"standard_error":0.08731423844967673},"Slope":{"confidence_interval":{"confidence_level":0.95,"lower_bound":234.1269489638163,"upper_bound":234.3856922174454},"point_estimate":234.2456710540778,"standard_error":0.06615722624947488},"StdDev":{"confidence_interval":{"confidence_level":0.95,"lower_bound":1.1427212315087243,"upper_bound":2.265999655187781},"point_estimate":1.7154009651333897,"standard_error":0.29167794407129266}}