{"Mean":{"confidence_interval":{"confidence_level":0.95,"lower_bound":-0.1129964484923626,"upper_bound":-0.06067130143077291},"point_estimate":-0.0869449445891991,"standard_error":0.013336162420856003},"Median":{"confidence_interval":{"confidence_level":0.95,"lower_bound":-0.0008589331854550464,"upper_bound":0.003935302181503175},"point_estimate":0.002364542014606119,"standard_error":0.001223858935541541}}