{"Mean":{"confidence_interval":{"confidence_level":0.95,"lower_bound":83.71449795692354,"upper_bound":83.91878861262124},"point_estimate":83.811951620146,"standard_error":0.05224254341451304},"Median":{"confidence_interval":{"confidence_level":0.95,"lower_bound":83.59726296711568,"upper_bound":83.68632688888326},"point_estimate":83.6256423437085,"standard_error":0.022114613474947704},"MedianAbsDev":{"confidence_interval":{"confidence_level":0.95,"lower_bound":0.15936474565377814,"upper_bound":0.29646575660593255},"point_estimate":0.22796842571400688,"standard_error":0.035294442846974285},"Slope":{"confidence_interval":{"confidence_level":0.95,"lower_bound":83.73955609910972,"upper_bound":84.0100571165306},"point_estimate":83.86929472256784,"standard_error":0.06914417405343039},"StdDev":{"confidence_interval":{"confidence_level":0.95,"lower_bound":0.4005038178043845,"upper_bound":0.6385870337668577},"point_estimate":0.5284497812224032,"standard_error":0.06086343078246816}}