{"Mean":{"confidence_interval":{"confidence_level":0.95,"lower_bound":34827.203038742125,"upper_bound":34890.18332215401},"point_estimate":34858.129810784216,"standard_error":16.050879097816473},"Median":{"confidence_interval":{"confidence_level":0.95,"lower_bound":34815.884680610514,"upper_bound":34851.321839080454},"point_estimate":34834.62202114073,"standard_error":9.406627467607752},"MedianAbsDev":{"confidence_interval":{"confidence_level":0.95,"lower_bound":71.26071917901282,"upper_bound":131.68914897763443},"point_estimate":95.38683921301231,"standard_error":14.532825120251173},"Slope":{"confidence_interval":{"confidence_level":0.95,"lower_bound":34858.282594236385,"upper_bound":34926.823565422266},"point_estimate":34890.52168994563,"standard_error":17.49705243854152},"StdDev":{"confidence_interval":{"confidence_level":0.95,"lower_bound":131.1736870685144,"upper_bound":188.15845575588438},"point_estimate":161.5386188769899,"standard_error":14.514630879367369}}