{"Mean":{"confidence_interval":{"confidence_level":0.95,"lower_bound":7.5456468743208465,"upper_bound":7.565828073296624},"point_estimate":7.554548979751559,"standard_error":0.005169795390777209},"Median":{"confidence_interval":{"confidence_level":0.95,"lower_bound":7.535856944278513,"upper_bound":7.54695654449246},"point_estimate":7.542859180009101,"standard_error":0.002795237211038869},"MedianAbsDev":{"confidence_interval":{"confidence_level":0.95,"lower_bound":0.013769947838489333,"upper_bound":0.023651610078395245},"point_estimate":0.018025778738661916,"standard_error":0.002492323556638905},"Slope":{"confidence_interval":{"confidence_level":0.95,"lower_bound":7.544250676566531,"upper_bound":7.553212797168306},"point_estimate":7.548544900966454,"standard_error":0.0022858584858032054},"StdDev":{"confidence_interval":{"confidence_level":0.95,"lower_bound":0.026981138577853007,"upper_bound":0.07720482039205867},"point_estimate":0.05200748814489333,"standard_error":0.014574477775067981}}