{"Mean":{"confidence_interval":{"confidence_level":0.95,"lower_bound":7.601559329030883,"upper_bound":7.645285182571202},"point_estimate":7.62237529463239,"standard_error":0.011143507813906734},"Median":{"confidence_interval":{"confidence_level":0.95,"lower_bound":7.556342931842897,"upper_bound":7.649792263173367},"point_estimate":7.582172979044287,"standard_error":0.022493139955372343},"MedianAbsDev":{"confidence_interval":{"confidence_level":0.95,"lower_bound":0.049261411796497734,"upper_bound":0.1311064431607202},"point_estimate":0.08769111037229975,"standard_error":0.022590547666975564},"Slope":{"confidence_interval":{"confidence_level":0.95,"lower_bound":7.656360246624733,"upper_bound":7.70285048749602},"point_estimate":7.67963571540252,"standard_error":0.01180082526448544},"StdDev":{"confidence_interval":{"confidence_level":0.95,"lower_bound":0.08426243312937949,"upper_bound":0.14428235036693535},"point_estimate":0.11193515246040461,"standard_error":0.016409726766872117}}