{"Mean":{"confidence_interval":{"confidence_level":0.95,"lower_bound":167.15711614272286,"upper_bound":167.64349513341617},"point_estimate":167.37594708013435,"standard_error":0.12464950130642327},"Median":{"confidence_interval":{"confidence_level":0.95,"lower_bound":166.92769258455914,"upper_bound":167.18812033608543},"point_estimate":167.070209128464,"standard_error":0.06843833442370299},"MedianAbsDev":{"confidence_interval":{"confidence_level":0.95,"lower_bound":0.2891221087428809,"upper_bound":0.4919499374226625},"point_estimate":0.3826192942775572,"standard_error":0.05041998106506746},"Slope":{"confidence_interval":{"confidence_level":0.95,"lower_bound":167.07249456989567,"upper_bound":167.45243634092557},"point_estimate":167.23972015385,"standard_error":0.09760438687618753},"StdDev":{"confidence_interval":{"confidence_level":0.95,"lower_bound":0.6294632755735042,"upper_bound":1.7846351503186642},"point_estimate":1.2543973728505393,"standard_error":0.2981678560919824}}