{"Mean":{"confidence_interval":{"confidence_level":0.95,"lower_bound":99648.00615808283,"upper_bound":100158.74270812249},"point_estimate":99871.062747032,"standard_error":131.20445196536176},"Median":{"confidence_interval":{"confidence_level":0.95,"lower_bound":99715.37037037036,"upper_bound":99870.0},"point_estimate":99803.13899868248,"standard_error":37.26071918057243},"MedianAbsDev":{"confidence_interval":{"confidence_level":0.95,"lower_bound":320.06295492380104,"upper_bound":558.1316557106215},"point_estimate":404.88615752493575,"standard_error":59.466340772718766},"Slope":{"confidence_interval":{"confidence_level":0.95,"lower_bound":99541.43380746215,"upper_bound":100497.85292426377},"point_estimate":99957.49782769322,"standard_error":247.71368779666844},"StdDev":{"confidence_interval":{"confidence_level":0.95,"lower_bound":673.8127817762736,"upper_bound":1998.957138904168},"point_estimate":1318.6797524067697,"standard_error":404.87592072199493}}