{"Mean":{"confidence_interval":{"confidence_level":0.95,"lower_bound":6.399792279944023,"upper_bound":6.414904616699729},"point_estimate":6.406887583666388,"standard_error":0.003865519070852343},"Median":{"confidence_interval":{"confidence_level":0.95,"lower_bound":6.3903527014523815,"upper_bound":6.400314274986272},"point_estimate":6.393999746062338,"standard_error":0.0025745053073218498},"MedianAbsDev":{"confidence_interval":{"confidence_level":0.95,"lower_bound":0.015032600295186669,"upper_bound":0.02921255982913285},"point_estimate":0.019873959049931965,"standard_error":0.0035562247368507156},"Slope":{"confidence_interval":{"confidence_level":0.95,"lower_bound":6.399528348191676,"upper_bound":6.416330811150302},"point_estimate":6.407618177187139,"standard_error":0.004286311795740529},"StdDev":{"confidence_interval":{"confidence_level":0.95,"lower_bound":0.026687328241814325,"upper_bound":0.05136394065263549},"point_estimate":0.03900064368689497,"standard_error":0.006468665345024767}}