{"Mean":{"confidence_interval":{"confidence_level":0.95,"lower_bound":6.481695367561654,"upper_bound":6.57177803710068},"point_estimate":6.519700744001577,"standard_error":0.02335892400726891},"Median":{"confidence_interval":{"confidence_level":0.95,"lower_bound":6.492494308539954,"upper_bound":6.498037866889884},"point_estimate":6.496030056521532,"standard_error":0.001890686181888569},"MedianAbsDev":{"confidence_interval":{"confidence_level":0.95,"lower_bound":0.027479772632647705,"upper_bound":0.10240478586271162},"point_estimate":0.05966705964679739,"standard_error":0.02058681985765247},"Slope":{"confidence_interval":{"confidence_level":0.95,"lower_bound":6.442785515304919,"upper_bound":6.483157146944703},"point_estimate":6.46092912562711,"standard_error":0.010311044927270398},"StdDev":{"confidence_interval":{"confidence_level":0.95,"lower_bound":0.08586858300152342,"upper_bound":0.37075684583128515},"point_estimate":0.23529541436673646,"standard_error":0.0838144510038681}}