{"Mean":{"confidence_interval":{"confidence_level":0.95,"lower_bound":-0.1953350813997607,"upper_bound":-0.19103520405600077},"point_estimate":-0.19318388480254112,"standard_error":0.0010836726540094043},"Median":{"confidence_interval":{"confidence_level":0.95,"lower_bound":-0.19692480587180117,"upper_bound":-0.1904234671106949},"point_estimate":-0.19320653315794356,"standard_error":0.001605913103351405}}