{"Mean":{"confidence_interval":{"confidence_level":0.95,"lower_bound":-0.13427782855705472,"upper_bound":-0.13092355445836754},"point_estimate":-0.1325921042984325,"standard_error":0.0008506630337628791},"Median":{"confidence_interval":{"confidence_level":0.95,"lower_bound":-0.13179467403571898,"upper_bound":-0.1294673516233863},"point_estimate":-0.13105622407794937,"standard_error":0.0006271464278637344}}