{"Mean":{"confidence_interval":{"confidence_level":0.95,"lower_bound":138.40303718384112,"upper_bound":138.9634521284196},"point_estimate":138.6677745724173,"standard_error":0.1428642477793908},"Median":{"confidence_interval":{"confidence_level":0.95,"lower_bound":137.92604072131854,"upper_bound":138.4174654892887},"point_estimate":138.0701940784814,"standard_error":0.1234413055593968},"MedianAbsDev":{"confidence_interval":{"confidence_level":0.95,"lower_bound":0.44353276758885163,"upper_bound":1.0568806567876015},"point_estimate":0.6559482834933579,"standard_error":0.15002441398294414},"Slope":{"confidence_interval":{"confidence_level":0.95,"lower_bound":138.45005922580364,"upper_bound":139.12223457662427},"point_estimate":138.78790212403203,"standard_error":0.17126842402852677},"StdDev":{"confidence_interval":{"confidence_level":0.95,"lower_bound":1.0276457344242944,"upper_bound":1.8095224738065958},"point_estimate":1.4338097428154029,"standard_error":0.20099166680251127}}