{"Mean":{"confidence_interval":{"confidence_level":0.95,"lower_bound":6.472328521257775,"upper_bound":6.5091263890575615},"point_estimate":6.489038399390953,"standard_error":0.009459147925964674},"Median":{"confidence_interval":{"confidence_level":0.95,"lower_bound":6.459032883586116,"upper_bound":6.514530630153749},"point_estimate":6.501849566877501,"standard_error":0.015623368558511397},"MedianAbsDev":{"confidence_interval":{"confidence_level":0.95,"lower_bound":0.012580533455362655,"upper_bound":0.07915665682838352},"point_estimate":0.04126003190832143,"standard_error":0.01774439442901723},"Slope":{"confidence_interval":{"confidence_level":0.95,"lower_bound":6.437949130356943,"upper_bound":6.458831718534471},"point_estimate":6.44738788367645,"standard_error":0.005312774037011459},"StdDev":{"confidence_interval":{"confidence_level":0.95,"lower_bound":0.05123703210470896,"upper_bound":0.1361357661780429},"point_estimate":0.09525032445935307,"standard_error":0.022705495352588905}}