{"Mean":{"confidence_interval":{"confidence_level":0.95,"lower_bound":158.01864374938586,"upper_bound":158.48632622649203},"point_estimate":158.2539597075337,"standard_error":0.11961871230177842},"Median":{"confidence_interval":{"confidence_level":0.95,"lower_bound":158.06346791600947,"upper_bound":159.04167293515872},"point_estimate":158.7282645441985,"standard_error":0.24605552340632875},"MedianAbsDev":{"confidence_interval":{"confidence_level":0.95,"lower_bound":0.4092001206124887,"upper_bound":1.5630896351510384},"point_estimate":0.9213485885847693,"standard_error":0.28689702046701293},"Slope":{"confidence_interval":{"confidence_level":0.95,"lower_bound":157.66036728629257,"upper_bound":158.2054384875649},"point_estimate":157.93437518542862,"standard_error":0.13949821453741051},"StdDev":{"confidence_interval":{"confidence_level":0.95,"lower_bound":1.0577119389413225,"upper_bound":1.3440395684598392},"point_estimate":1.2064882507249182,"standard_error":0.07298085531520832}}