{"Mean":{"confidence_interval":{"confidence_level":0.95,"lower_bound":1447.4833239553798,"upper_bound":1461.014946502768},"point_estimate":1452.89899902645,"standard_error":3.577120691267516},"Median":{"confidence_interval":{"confidence_level":0.95,"lower_bound":1446.056834819646,"upper_bound":1447.5547146850222},"point_estimate":1447.0477363046907,"standard_error":0.4392317191101382},"MedianAbsDev":{"confidence_interval":{"confidence_level":0.95,"lower_bound":2.2746929231851185,"upper_bound":4.427141646804707},"point_estimate":3.522247375241873,"standard_error":0.5673976124118384},"Slope":{"confidence_interval":{"confidence_level":0.95,"lower_bound":1447.4296909971938,"upper_bound":1449.4540594753719},"point_estimate":1448.3555221587148,"standard_error":0.5188121616184664},"StdDev":{"confidence_interval":{"confidence_level":0.95,"lower_bound":3.9133138504370857,"upper_bound":57.89112293249293},"point_estimate":35.96376579518903,"standard_error":14.756015152164967}}