{"Mean":{"confidence_interval":{"confidence_level":0.95,"lower_bound":170.52642850031475,"upper_bound":171.30828820722053},"point_estimate":170.89836948025922,"standard_error":0.19958644302798212},"Median":{"confidence_interval":{"confidence_level":0.95,"lower_bound":169.92001326204982,"upper_bound":170.18467145343777},"point_estimate":170.0357588829606,"standard_error":0.06784151460082984},"MedianAbsDev":{"confidence_interval":{"confidence_level":0.95,"lower_bound":0.3654106482626088,"upper_bound":0.7748851198553013},"point_estimate":0.5117486071026356,"standard_error":0.10562112426908458},"Slope":{"confidence_interval":{"confidence_level":0.95,"lower_bound":170.7611421100834,"upper_bound":172.46039731996302},"point_estimate":171.60845674684768,"standard_error":0.4363486228626564},"StdDev":{"confidence_interval":{"confidence_level":0.95,"lower_bound":1.4809450755311182,"upper_bound":2.423055098051164},"point_estimate":2.0060437369669732,"standard_error":0.24104125076497226}}