{"Mean":{"confidence_interval":{"confidence_level":0.95,"lower_bound":171.89048603533314,"upper_bound":172.43113158084185},"point_estimate":172.15963383026374,"standard_error":0.13765108438046075},"Median":{"confidence_interval":{"confidence_level":0.95,"lower_bound":171.5670048018319,"upper_bound":173.04768625869542},"point_estimate":172.41251896774128,"standard_error":0.36375174772650215},"MedianAbsDev":{"confidence_interval":{"confidence_level":0.95,"lower_bound":0.7957520257090946,"upper_bound":1.9224480265703099},"point_estimate":1.509858811934168,"standard_error":0.31301467746925676},"Slope":{"confidence_interval":{"confidence_level":0.95,"lower_bound":171.9611024918441,"upper_bound":172.56600825477744},"point_estimate":172.27481679481738,"standard_error":0.15442571136425187},"StdDev":{"confidence_interval":{"confidence_level":0.95,"lower_bound":1.217307567670094,"upper_bound":1.5492523192296945},"point_estimate":1.381920437473343,"standard_error":0.08527677738450723}}