{"Mean":{"confidence_interval":{"confidence_level":0.95,"lower_bound":89.4856195321818,"upper_bound":89.74572816160193},"point_estimate":89.60716296814294,"standard_error":0.0665067046891565},"Median":{"confidence_interval":{"confidence_level":0.95,"lower_bound":89.32273440060953,"upper_bound":89.47328023108989},"point_estimate":89.39056727994846,"standard_error":0.03976505006536508},"MedianAbsDev":{"confidence_interval":{"confidence_level":0.95,"lower_bound":0.2479221131721778,"upper_bound":0.4626299674193164},"point_estimate":0.3726100336579636,"standard_error":0.05378768917927724},"Slope":{"confidence_interval":{"confidence_level":0.95,"lower_bound":89.33415784348877,"upper_bound":89.5849689396612},"point_estimate":89.45021917060696,"standard_error":0.06417312066754323},"StdDev":{"confidence_interval":{"confidence_level":0.95,"lower_bound":0.46365326396620526,"upper_bound":0.894591755793557},"point_estimate":0.668820920186925,"standard_error":0.11888627142138865}}