{"Mean":{"confidence_interval":{"confidence_level":0.95,"lower_bound":-0.0739812646743007,"upper_bound":-0.06617239130734388},"point_estimate":-0.06972612307557147,"standard_error":0.001997012876804248},"Median":{"confidence_interval":{"confidence_level":0.95,"lower_bound":-0.06934671957585616,"upper_bound":-0.059731707483619396},"point_estimate":-0.06478253596850114,"standard_error":0.0025531745147300963}}