{"Mean":{"confidence_interval":{"confidence_level":0.95,"lower_bound":11.119549768610627,"upper_bound":11.161685202352148},"point_estimate":11.137615264388039,"standard_error":0.010887907063909815},"Median":{"confidence_interval":{"confidence_level":0.95,"lower_bound":11.105932645537107,"upper_bound":11.114704118272291},"point_estimate":11.110435843464511,"standard_error":0.0024638200711037013},"MedianAbsDev":{"confidence_interval":{"confidence_level":0.95,"lower_bound":0.0196128967819492,"upper_bound":0.035590701349680696},"point_estimate":0.026793471461977796,"standard_error":0.004139717470829659},"Slope":{"confidence_interval":{"confidence_level":0.95,"lower_bound":11.117758811213774,"upper_bound":11.142366913335875},"point_estimate":11.12920345404581,"standard_error":0.006303610492152376},"StdDev":{"confidence_interval":{"confidence_level":0.95,"lower_bound":0.046776088495328716,"upper_bound":0.1711410258635951},"point_estimate":0.11025153019831926,"standard_error":0.0370584645923919}}