{"Mean":{"confidence_interval":{"confidence_level":0.95,"lower_bound":168.3547324945092,"upper_bound":168.78437811172438},"point_estimate":168.56175594482502,"standard_error":0.10971580648907255},"Median":{"confidence_interval":{"confidence_level":0.95,"lower_bound":167.9699445265805,"upper_bound":168.31895501291612},"point_estimate":168.12938322150194,"standard_error":0.08596263357658326},"MedianAbsDev":{"confidence_interval":{"confidence_level":0.95,"lower_bound":0.4333121181717727,"upper_bound":0.9470719594920524},"point_estimate":0.6019110563559203,"standard_error":0.13749432015026658},"Slope":{"confidence_interval":{"confidence_level":0.95,"lower_bound":168.25641636135651,"upper_bound":168.89499182128327},"point_estimate":168.5512751614305,"standard_error":0.16369279367454717},"StdDev":{"confidence_interval":{"confidence_level":0.95,"lower_bound":0.8814407946981901,"upper_bound":1.3552177300397652},"point_estimate":1.1089871966076927,"standard_error":0.12351301914710082}}