{"Mean":{"confidence_interval":{"confidence_level":0.95,"lower_bound":729.5799359178243,"upper_bound":732.0494168527263},"point_estimate":730.8118653348822,"standard_error":0.6307070279983658},"Median":{"confidence_interval":{"confidence_level":0.95,"lower_bound":728.5217958271237,"upper_bound":732.8752000883148},"point_estimate":730.5962945400352,"standard_error":0.8872071432773949},"MedianAbsDev":{"confidence_interval":{"confidence_level":0.95,"lower_bound":5.723731701503599,"upper_bound":8.554276995546712},"point_estimate":7.635294950557208,"standard_error":0.719548987564368},"Slope":{"confidence_interval":{"confidence_level":0.95,"lower_bound":728.9661393342194,"upper_bound":731.6141665403686},"point_estimate":730.2978234207076,"standard_error":0.6743807597649762},"StdDev":{"confidence_interval":{"confidence_level":0.95,"lower_bound":5.593121211053575,"upper_bound":7.065128157728932},"point_estimate":6.3684272264835435,"standard_error":0.3763540835295039}}