{"Mean":{"confidence_interval":{"confidence_level":0.95,"lower_bound":34795.143789371585,"upper_bound":34895.235334666286},"point_estimate":34843.8313874226,"standard_error":25.59585516845708},"Median":{"confidence_interval":{"confidence_level":0.95,"lower_bound":34703.90482054891,"upper_bound":34837.93103448276},"point_estimate":34758.962531721154,"standard_error":36.49146027689132},"MedianAbsDev":{"confidence_interval":{"confidence_level":0.95,"lower_bound":130.9246366464623,"upper_bound":280.7124026302903},"point_estimate":198.98285113104126,"standard_error":36.64582345984308},"Slope":{"confidence_interval":{"confidence_level":0.95,"lower_bound":34845.99898686903,"upper_bound":34968.87126799827},"point_estimate":34906.77671050687,"standard_error":31.459136572896316},"StdDev":{"confidence_interval":{"confidence_level":0.95,"lower_bound":206.41789134980837,"upper_bound":306.50998553843016},"point_estimate":257.25470726923083,"standard_error":25.80777184674538}}