{"Mean":{"confidence_interval":{"confidence_level":0.95,"lower_bound":-0.006675891219078975,"upper_bound":-0.002645310419949757},"point_estimate":-0.004768271812151448,"standard_error":0.0010294914513434264},"Median":{"confidence_interval":{"confidence_level":0.95,"lower_bound":-0.004477292143047706,"upper_bound":-0.0025401558174841243},"point_estimate":-0.003242242293259201,"standard_error":0.000491596927266773}}