{"Mean":{"confidence_interval":{"confidence_level":0.95,"lower_bound":198.29150882278353,"upper_bound":198.88452043370017},"point_estimate":198.5813547520897,"standard_error":0.1512044197074102},"Median":{"confidence_interval":{"confidence_level":0.95,"lower_bound":197.7139326536917,"upper_bound":198.64879809091437},"point_estimate":198.0841527027651,"standard_error":0.2603281504121477},"MedianAbsDev":{"confidence_interval":{"confidence_level":0.95,"lower_bound":0.9553807578501927,"upper_bound":1.9786318550370117},"point_estimate":1.4063653026526668,"standard_error":0.2919217753727605},"Slope":{"confidence_interval":{"confidence_level":0.95,"lower_bound":198.2750228101074,"upper_bound":198.9314990598527},"point_estimate":198.59985495402626,"standard_error":0.16762015213519935},"StdDev":{"confidence_interval":{"confidence_level":0.95,"lower_bound":1.2981201378038028,"upper_bound":1.7411908956381161},"point_estimate":1.5209603239827623,"standard_error":0.11382393101546188}}