{"Mean":{"confidence_interval":{"confidence_level":0.95,"lower_bound":195.7600690058689,"upper_bound":196.32392758143502},"point_estimate":196.0094609154162,"standard_error":0.14495342661952992},"Median":{"confidence_interval":{"confidence_level":0.95,"lower_bound":195.49819876968382,"upper_bound":195.77184304900064},"point_estimate":195.6774552095729,"standard_error":0.07407276916051499},"MedianAbsDev":{"confidence_interval":{"confidence_level":0.95,"lower_bound":0.3891717885889115,"upper_bound":0.6415690001443612},"point_estimate":0.5225571856425587,"standard_error":0.06301105122922913},"Slope":{"confidence_interval":{"confidence_level":0.95,"lower_bound":195.53953040551838,"upper_bound":195.746991407436},"point_estimate":195.6368388791137,"standard_error":0.052593124505915134},"StdDev":{"confidence_interval":{"confidence_level":0.95,"lower_bound":0.7912405478620501,"upper_bound":2.1425992167370778},"point_estimate":1.4563425704475683,"standard_error":0.396432558874628}}