{"Mean":{"confidence_interval":{"confidence_level":0.95,"lower_bound":195.4212092828395,"upper_bound":195.7487221025608},"point_estimate":195.57857730807964,"standard_error":0.08377456206412173},"Median":{"confidence_interval":{"confidence_level":0.95,"lower_bound":195.2392558694787,"upper_bound":195.51929964186232},"point_estimate":195.3815098379878,"standard_error":0.06703758216165161},"MedianAbsDev":{"confidence_interval":{"confidence_level":0.95,"lower_bound":0.3806756677988408,"upper_bound":0.7193892307918622},"point_estimate":0.5031679905877662,"standard_error":0.08494310101849717},"Slope":{"confidence_interval":{"confidence_level":0.95,"lower_bound":195.50212522808835,"upper_bound":195.96752154666493},"point_estimate":195.72691588489374,"standard_error":0.11914382860521941},"StdDev":{"confidence_interval":{"confidence_level":0.95,"lower_bound":0.664411622263985,"upper_bound":0.9929639957054281},"point_estimate":0.8400887517677991,"standard_error":0.0842714292620211}}