{"Mean":{"confidence_interval":{"confidence_level":0.95,"lower_bound":81.66810860150652,"upper_bound":82.22635323100783},"point_estimate":81.92443438191557,"standard_error":0.142341437147522},"Median":{"confidence_interval":{"confidence_level":0.95,"lower_bound":81.33330677079184,"upper_bound":82.20387844356007},"point_estimate":81.84347157123872,"standard_error":0.2553803000663171},"MedianAbsDev":{"confidence_interval":{"confidence_level":0.95,"lower_bound":0.7892703842084411,"upper_bound":1.5260147385559084},"point_estimate":1.0678789602911822,"standard_error":0.192840776655957},"Slope":{"confidence_interval":{"confidence_level":0.95,"lower_bound":81.9403772652258,"upper_bound":82.36890348495193},"point_estimate":82.14571841290373,"standard_error":0.10918828488659693},"StdDev":{"confidence_interval":{"confidence_level":0.95,"lower_bound":0.9062266393933835,"upper_bound":2.0200540105853744},"point_estimate":1.433261053773345,"standard_error":0.32303111196898276}}