{"Mean":{"confidence_interval":{"confidence_level":0.95,"lower_bound":153.6095041237547,"upper_bound":154.60190142049615},"point_estimate":154.05100505404286,"standard_error":0.25405795471178777},"Median":{"confidence_interval":{"confidence_level":0.95,"lower_bound":154.10486599011188,"upper_bound":154.24976375364642},"point_estimate":154.1935587181489,"standard_error":0.061669223050319286},"MedianAbsDev":{"confidence_interval":{"confidence_level":0.95,"lower_bound":0.6179976954754046,"upper_bound":2.088598324550922},"point_estimate":1.2469319129316427,"standard_error":0.361276249979831},"Slope":{"confidence_interval":{"confidence_level":0.95,"lower_bound":153.83449449710602,"upper_bound":154.49378166141727},"point_estimate":154.13346410526265,"standard_error":0.16766850024813806},"StdDev":{"confidence_interval":{"confidence_level":0.95,"lower_bound":1.2712916687278948,"upper_bound":3.821902745737207},"point_estimate":2.5534237992616893,"standard_error":0.703496764771407}}