{"Mean":{"confidence_interval":{"confidence_level":0.95,"lower_bound":159.78687186185144,"upper_bound":160.37713316893257},"point_estimate":160.07459110935213,"standard_error":0.15037269001445785},"Median":{"confidence_interval":{"confidence_level":0.95,"lower_bound":159.14382481919193,"upper_bound":160.06126721166513},"point_estimate":159.57900064588992,"standard_error":0.21864740610314287},"MedianAbsDev":{"confidence_interval":{"confidence_level":0.95,"lower_bound":0.7842483683921911,"upper_bound":1.8114015246330306},"point_estimate":1.2593786354158183,"standard_error":0.26156709701291786},"Slope":{"confidence_interval":{"confidence_level":0.95,"lower_bound":159.9170304743453,"upper_bound":160.67583174071135},"point_estimate":160.29032618935597,"standard_error":0.19405137216298107},"StdDev":{"confidence_interval":{"confidence_level":0.95,"lower_bound":1.2651118195392306,"upper_bound":1.7310102668582814},"point_estimate":1.5138116726054507,"standard_error":0.11864413997037496}}