{"Mean":{"confidence_interval":{"confidence_level":0.95,"lower_bound":1497.131733569189,"upper_bound":1508.0049456587624},"point_estimate":1502.1466176345448,"standard_error":2.774417592406948},"Median":{"confidence_interval":{"confidence_level":0.95,"lower_bound":1489.434982175243,"upper_bound":1498.1860046696547},"point_estimate":1493.730284189949,"standard_error":2.0511223288137947},"MedianAbsDev":{"confidence_interval":{"confidence_level":0.95,"lower_bound":7.492771096831389,"upper_bound":16.81370037711212},"point_estimate":13.638747057952905,"standard_error":2.3586747566535036},"Slope":{"confidence_interval":{"confidence_level":0.95,"lower_bound":1489.931256591594,"upper_bound":1494.9433776805774},"point_estimate":1492.1907645222707,"standard_error":1.2792703785859925},"StdDev":{"confidence_interval":{"confidence_level":0.95,"lower_bound":16.99616009138463,"upper_bound":36.894800537881736},"point_estimate":27.94485114992509,"standard_error":5.081379075588598}}