{"Mean":{"confidence_interval":{"confidence_level":0.95,"lower_bound":1531.1629038196259,"upper_bound":1537.1304211649428},"point_estimate":1533.998621514669,"standard_error":1.5186079049132868},"Median":{"confidence_interval":{"confidence_level":0.95,"lower_bound":1535.7698289269051,"upper_bound":1537.1135538903814},"point_estimate":1536.4889872957524,"standard_error":0.3098382682266718},"MedianAbsDev":{"confidence_interval":{"confidence_level":0.95,"lower_bound":2.3844426741010905,"upper_bound":8.408317113553121},"point_estimate":5.440916668961893,"standard_error":1.6441982185890376},"Slope":{"confidence_interval":{"confidence_level":0.95,"lower_bound":1524.7031916794901,"upper_bound":1536.2332422147388},"point_estimate":1529.8333555878278,"standard_error":2.954353608451204},"StdDev":{"confidence_interval":{"confidence_level":0.95,"lower_bound":10.350174094103563,"upper_bound":20.262920662860065},"point_estimate":15.248451018573814,"standard_error":2.599168999005839}}