{"Mean":{"confidence_interval":{"confidence_level":0.95,"lower_bound":1471.9890199246345,"upper_bound":1476.7993563283176},"point_estimate":1474.3082336324715,"standard_error":1.2245638434597712},"Median":{"confidence_interval":{"confidence_level":0.95,"lower_bound":1468.253787140266,"upper_bound":1474.3376954245048},"point_estimate":1470.9801409352979,"standard_error":1.660576201633768},"MedianAbsDev":{"confidence_interval":{"confidence_level":0.95,"lower_bound":7.0839162985989725,"upper_bound":14.113694237626406},"point_estimate":10.336921700998252,"standard_error":1.8597537322696978},"Slope":{"confidence_interval":{"confidence_level":0.95,"lower_bound":1473.0594485135366,"upper_bound":1478.5126643213725},"point_estimate":1475.7006761247706,"standard_error":1.3882930845411572},"StdDev":{"confidence_interval":{"confidence_level":0.95,"lower_bound":9.503078632378896,"upper_bound":15.46557412622675},"point_estimate":12.283162196124486,"standard_error":1.5927271359055393}}