{"Mean":{"confidence_interval":{"confidence_level":0.95,"lower_bound":1448.2308987507981,"upper_bound":1464.8350774635196},"point_estimate":1455.3408779581785,"standard_error":4.271674767246345},"Median":{"confidence_interval":{"confidence_level":0.95,"lower_bound":1444.500203706761,"upper_bound":1447.0375841129164},"point_estimate":1445.507617010957,"standard_error":0.6936505180678234},"MedianAbsDev":{"confidence_interval":{"confidence_level":0.95,"lower_bound":3.4245214187691437,"upper_bound":6.93792961083666},"point_estimate":4.641610675431271,"standard_error":0.9149129523925872},"Slope":{"confidence_interval":{"confidence_level":0.95,"lower_bound":1445.7652721100467,"upper_bound":1448.5058189787044},"point_estimate":1447.0329204264592,"standard_error":0.6986015279793584},"StdDev":{"confidence_interval":{"confidence_level":0.95,"lower_bound":8.340860902144922,"upper_bound":64.99463759444835},"point_estimate":43.009964593573585,"standard_error":14.143699769492388}}