{"Mean":{"confidence_interval":{"confidence_level":0.95,"lower_bound":82.20444447994399,"upper_bound":82.41755590800634},"point_estimate":82.30722809387542,"standard_error":0.054447257527793655},"Median":{"confidence_interval":{"confidence_level":0.95,"lower_bound":82.07349204365575,"upper_bound":82.19223732879566},"point_estimate":82.1261825465043,"standard_error":0.03240089819281485},"MedianAbsDev":{"confidence_interval":{"confidence_level":0.95,"lower_bound":0.24372355556721598,"upper_bound":0.4952893213290967},"point_estimate":0.337123088749317,"standard_error":0.0689754844253512},"Slope":{"confidence_interval":{"confidence_level":0.95,"lower_bound":82.1873803474546,"upper_bound":82.38954863184387},"point_estimate":82.28286184943592,"standard_error":0.05161651597234096},"StdDev":{"confidence_interval":{"confidence_level":0.95,"lower_bound":0.43317954942613845,"upper_bound":0.6728622342714858},"point_estimate":0.5481326048165197,"standard_error":0.06257257090474878}}