{"Mean":{"confidence_interval":{"confidence_level":0.95,"lower_bound":83.25503730927694,"upper_bound":83.48815798139218},"point_estimate":83.37051977466497,"standard_error":0.059265853948391754},"Median":{"confidence_interval":{"confidence_level":0.95,"lower_bound":83.3785817887853,"upper_bound":83.43919824948011},"point_estimate":83.41995623264035,"standard_error":0.016338535002105577},"MedianAbsDev":{"confidence_interval":{"confidence_level":0.95,"lower_bound":0.13815756004194737,"upper_bound":0.5273765273369787},"point_estimate":0.23643905093475268,"standard_error":0.11106677396551151},"Slope":{"confidence_interval":{"confidence_level":0.95,"lower_bound":83.19648188338641,"upper_bound":83.4224315567344},"point_estimate":83.30714567159751,"standard_error":0.05766482011971563},"StdDev":{"confidence_interval":{"confidence_level":0.95,"lower_bound":0.44233611592631167,"upper_bound":0.7421996590105422},"point_estimate":0.59655700769332,"standard_error":0.07714768948158365}}