{"Mean":{"confidence_interval":{"confidence_level":0.95,"lower_bound":7.568644772352495,"upper_bound":7.621856154159106},"point_estimate":7.592438181880563,"standard_error":0.01367055310685429},"Median":{"confidence_interval":{"confidence_level":0.95,"lower_bound":7.538999936785286,"upper_bound":7.5536676692346845},"point_estimate":7.543930516895351,"standard_error":0.004061337785042877},"MedianAbsDev":{"confidence_interval":{"confidence_level":0.95,"lower_bound":0.016718074788562368,"upper_bound":0.041507295809173825},"point_estimate":0.02495923075053727,"standard_error":0.006316567004037611},"Slope":{"confidence_interval":{"confidence_level":0.95,"lower_bound":7.54900496669129,"upper_bound":7.571765405143623},"point_estimate":7.5588619509722745,"standard_error":0.005822178380497275},"StdDev":{"confidence_interval":{"confidence_level":0.95,"lower_bound":0.0650331675140121,"upper_bound":0.1971380141774041},"point_estimate":0.1368431501339131,"standard_error":0.03435312319582573}}