{"Mean":{"confidence_interval":{"confidence_level":0.95,"lower_bound":-0.024569219448902974,"upper_bound":-0.0049974912820453556},"point_estimate":-0.014619302140635448,"standard_error":0.00498183560792543},"Median":{"confidence_interval":{"confidence_level":0.95,"lower_bound":-0.006965804220761037,"upper_bound":-0.00039550344521588343},"point_estimate":-0.001949409471904251,"standard_error":0.0017446362189552558}}