{"Mean":{"confidence_interval":{"confidence_level":0.95,"lower_bound":3660.7580143904697,"upper_bound":3679.683326568743},"point_estimate":3670.003510051319,"standard_error":4.828418443068881},"Median":{"confidence_interval":{"confidence_level":0.95,"lower_bound":3650.8582089552237,"upper_bound":3672.7511093182734},"point_estimate":3660.1419223530443,"standard_error":4.992263882763362},"MedianAbsDev":{"confidence_interval":{"confidence_level":0.95,"lower_bound":34.98986524413547,"upper_bound":52.13717040497691},"point_estimate":43.06751257296627,"standard_error":4.407295589095029},"Slope":{"confidence_interval":{"confidence_level":0.95,"lower_bound":3677.2369471664447,"upper_bound":3709.568508992486},"point_estimate":3693.1647911616737,"standard_error":8.282666091271714},"StdDev":{"confidence_interval":{"confidence_level":0.95,"lower_bound":39.116956826122596,"upper_bound":57.144764859264974},"point_estimate":48.47534406023961,"standard_error":4.624982936637654}}