{"Mean":{"confidence_interval":{"confidence_level":0.95,"lower_bound":3739.1532986373177,"upper_bound":3767.5321834969845},"point_estimate":3752.103661523884,"standard_error":7.263590745670083},"Median":{"confidence_interval":{"confidence_level":0.95,"lower_bound":3720.1669234720084,"upper_bound":3749.621212121212},"point_estimate":3733.3857904704946,"standard_error":7.560611264421143},"MedianAbsDev":{"confidence_interval":{"confidence_level":0.95,"lower_bound":28.98315536486423,"upper_bound":51.101674606486704},"point_estimate":42.910178399187,"standard_error":5.609474461302853},"Slope":{"confidence_interval":{"confidence_level":0.95,"lower_bound":3725.851336866062,"upper_bound":3739.3356197668004},"point_estimate":3732.584956629991,"standard_error":3.4401952818727337},"StdDev":{"confidence_interval":{"confidence_level":0.95,"lower_bound":41.863304190811576,"upper_bound":100.6106354460715},"point_estimate":73.16507775536728,"standard_error":15.105701262646539}}