{"Mean":{"confidence_interval":{"confidence_level":0.95,"lower_bound":141.94122873095807,"upper_bound":142.37800833845347},"point_estimate":142.15835618122287,"standard_error":0.11099435980915981},"Median":{"confidence_interval":{"confidence_level":0.95,"lower_bound":141.49336266517997,"upper_bound":142.3122888251675},"point_estimate":141.6994655464182,"standard_error":0.2091909841813733},"MedianAbsDev":{"confidence_interval":{"confidence_level":0.95,"lower_bound":0.7525461290292726,"upper_bound":1.7500101255006533},"point_estimate":1.1919541379659435,"standard_error":0.2601372845473621},"Slope":{"confidence_interval":{"confidence_level":0.95,"lower_bound":141.64995080283236,"upper_bound":142.17996330149862},"point_estimate":141.9149297349158,"standard_error":0.1356711069821657},"StdDev":{"confidence_interval":{"confidence_level":0.95,"lower_bound":1.0216348949543035,"upper_bound":1.1977528872880832},"point_estimate":1.1168993768948994,"standard_error":0.04476366956350042}}