{"Mean":{"confidence_interval":{"confidence_level":0.95,"lower_bound":138.5070030581949,"upper_bound":138.7915218714165},"point_estimate":138.64315148105948,"standard_error":0.07275378702459363},"Median":{"confidence_interval":{"confidence_level":0.95,"lower_bound":138.35542046605877,"upper_bound":138.5486997635934},"point_estimate":138.45161544523248,"standard_error":0.04904077379948737},"MedianAbsDev":{"confidence_interval":{"confidence_level":0.95,"lower_bound":0.34753391817991885,"upper_bound":0.5600098718545452},"point_estimate":0.46830341514933405,"standard_error":0.056592830381811274},"Slope":{"confidence_interval":{"confidence_level":0.95,"lower_bound":138.53023441515018,"upper_bound":138.82974614425692},"point_estimate":138.67002149563956,"standard_error":0.07674686327449862},"StdDev":{"confidence_interval":{"confidence_level":0.95,"lower_bound":0.5329664498108889,"upper_bound":0.9063243755996667},"point_estimate":0.7303937209828918,"standard_error":0.09569570796472178}}