{"Mean":{"confidence_interval":{"confidence_level":0.95,"lower_bound":138.08765453468808,"upper_bound":138.30635269068125},"point_estimate":138.19108756810687,"standard_error":0.055955305359849765},"Median":{"confidence_interval":{"confidence_level":0.95,"lower_bound":137.9874737210932,"upper_bound":138.09270531963426},"point_estimate":138.02443213851026,"standard_error":0.027570376454918458},"MedianAbsDev":{"confidence_interval":{"confidence_level":0.95,"lower_bound":0.17900325890647745,"upper_bound":0.3056977225164436},"point_estimate":0.23415189462743818,"standard_error":0.031832063020354975},"Slope":{"confidence_interval":{"confidence_level":0.95,"lower_bound":138.07374749031442,"upper_bound":138.3154764328857},"point_estimate":138.1827428110925,"standard_error":0.062187165303989836},"StdDev":{"confidence_interval":{"confidence_level":0.95,"lower_bound":0.4058951264705577,"upper_bound":0.6987386137571205},"point_estimate":0.5625661026492158,"standard_error":0.07496111397773768}}