{"Mean":{"confidence_interval":{"confidence_level":0.95,"lower_bound":140.79964649856905,"upper_bound":141.38154853816977},"point_estimate":141.07869222064818,"standard_error":0.14847622459986506},"Median":{"confidence_interval":{"confidence_level":0.95,"lower_bound":140.4015717845505,"upper_bound":141.8218085106383},"point_estimate":141.49294420238567,"standard_error":0.3362368287404882},"MedianAbsDev":{"confidence_interval":{"confidence_level":0.95,"lower_bound":0.7060356264863148,"upper_bound":1.7459184232984668},"point_estimate":1.3898657456063144,"standard_error":0.2797090051717807},"Slope":{"confidence_interval":{"confidence_level":0.95,"lower_bound":140.5977145921881,"upper_bound":141.6788105402431},"point_estimate":141.0927423387846,"standard_error":0.27873929852569274},"StdDev":{"confidence_interval":{"confidence_level":0.95,"lower_bound":1.124975421848409,"upper_bound":1.9570590015366758},"point_estimate":1.4982757926005437,"standard_error":0.23251433697621837}}