{"Mean":{"confidence_interval":{"confidence_level":0.95,"lower_bound":58.99143461562253,"upper_bound":59.147159297272},"point_estimate":59.06603753741522,"standard_error":0.03977072282676487},"Median":{"confidence_interval":{"confidence_level":0.95,"lower_bound":58.85810304568897,"upper_bound":58.941736857888706},"point_estimate":58.90110348941246,"standard_error":0.02094432005693003},"MedianAbsDev":{"confidence_interval":{"confidence_level":0.95,"lower_bound":0.13422143833116526,"upper_bound":0.26078860438063983},"point_estimate":0.1890936491165726,"standard_error":0.032290323313421326},"Slope":{"confidence_interval":{"confidence_level":0.95,"lower_bound":58.90489339004136,"upper_bound":59.067296061966964},"point_estimate":58.98020932887276,"standard_error":0.04155331301573188},"StdDev":{"confidence_interval":{"confidence_level":0.95,"lower_bound":0.3213636691282396,"upper_bound":0.4703286526065337},"point_estimate":0.39983848422824136,"standard_error":0.03805887954152322}}