{"Mean":{"confidence_interval":{"confidence_level":0.95,"lower_bound":138.99566556141698,"upper_bound":141.41314072064557},"point_estimate":139.85203007519968,"standard_error":0.7212632084964896},"Median":{"confidence_interval":{"confidence_level":0.95,"lower_bound":138.77882290625453,"upper_bound":138.98980696894847},"point_estimate":138.857323677286,"standard_error":0.06056900697834867},"MedianAbsDev":{"confidence_interval":{"confidence_level":0.95,"lower_bound":0.239041974089323,"upper_bound":0.4646362234431288},"point_estimate":0.32118757359018063,"standard_error":0.05895351426271988},"Slope":{"confidence_interval":{"confidence_level":0.95,"lower_bound":138.98173365069817,"upper_bound":143.87273622454612},"point_estimate":140.5574669173678,"standard_error":1.4447125402529113},"StdDev":{"confidence_interval":{"confidence_level":0.95,"lower_bound":0.581527432178262,"upper_bound":12.304044877619422},"point_estimate":7.21581613516248,"standard_error":4.083284086772817}}