{"Mean":{"confidence_interval":{"confidence_level":0.95,"lower_bound":3307.985158191938,"upper_bound":3324.7307279231313},"point_estimate":3315.7021967042765,"standard_error":4.2816487548551905},"Median":{"confidence_interval":{"confidence_level":0.95,"lower_bound":3311.3597972972975,"upper_bound":3317.0195195195197},"point_estimate":3315.6917554573806,"standard_error":1.404483473477511},"MedianAbsDev":{"confidence_interval":{"confidence_level":0.95,"lower_bound":11.356478690064456,"upper_bound":33.47653175768541},"point_estimate":19.664152512958744,"standard_error":5.256845981076694},"Slope":{"confidence_interval":{"confidence_level":0.95,"lower_bound":3312.227480828263,"upper_bound":3349.087542363734},"point_estimate":3328.961821878033,"standard_error":9.461202591282621},"StdDev":{"confidence_interval":{"confidence_level":0.95,"lower_bound":26.549318083569553,"upper_bound":60.62241725828161},"point_estimate":43.12200403184676,"standard_error":9.380133836341479}}