{"Mean":{"confidence_interval":{"confidence_level":0.95,"lower_bound":3269.6480115078707,"upper_bound":3281.787446549344},"point_estimate":3275.540046097163,"standard_error":3.1061471065256536},"Median":{"confidence_interval":{"confidence_level":0.95,"lower_bound":3258.2107261509254,"upper_bound":3276.197641847437},"point_estimate":3262.2320203721674,"standard_error":4.167648513174146},"MedianAbsDev":{"confidence_interval":{"confidence_level":0.95,"lower_bound":14.599622010009165,"upper_bound":36.326671199105675},"point_estimate":21.954410462944544,"standard_error":4.7336874730442675},"Slope":{"confidence_interval":{"confidence_level":0.95,"lower_bound":3278.87361068055,"upper_bound":3297.0933980333643},"point_estimate":3287.824811340161,"standard_error":4.648005236162478},"StdDev":{"confidence_interval":{"confidence_level":0.95,"lower_bound":26.137377001499296,"upper_bound":35.733504991961944},"point_estimate":31.197415168786186,"standard_error":2.4521865006584966}}