{"Mean":{"confidence_interval":{"confidence_level":0.95,"lower_bound":-0.09024402732715982,"upper_bound":-0.07378633996459796},"point_estimate":-0.0837833015281193,"standard_error":0.004128882206038522},"Median":{"confidence_interval":{"confidence_level":0.95,"lower_bound":-0.09222472442536167,"upper_bound":-0.08783323431736492},"point_estimate":-0.08994450239475371,"standard_error":0.001077394671205581}}