{"Mean":{"confidence_interval":{"confidence_level":0.95,"lower_bound":81.83522830622563,"upper_bound":82.17991375473544},"point_estimate":81.99613111015535,"standard_error":0.08785467172187557},"Median":{"confidence_interval":{"confidence_level":0.95,"lower_bound":81.87871191311467,"upper_bound":82.28701239042067},"point_estimate":82.24955139268283,"standard_error":0.09735855344734379},"MedianAbsDev":{"confidence_interval":{"confidence_level":0.95,"lower_bound":0.1294780023932804,"upper_bound":0.7513499946615074},"point_estimate":0.4284758615737004,"standard_error":0.17304631131589554},"Slope":{"confidence_interval":{"confidence_level":0.95,"lower_bound":81.66020933740526,"upper_bound":81.97796040313031},"point_estimate":81.81352396177508,"standard_error":0.08094787597277982},"StdDev":{"confidence_interval":{"confidence_level":0.95,"lower_bound":0.5731543860848578,"upper_bound":1.2259625926306856},"point_estimate":0.8785629827794229,"standard_error":0.1847588734959406}}