{"Mean":{"confidence_interval":{"confidence_level":0.95,"lower_bound":171.13185535312897,"upper_bound":171.82484604955818},"point_estimate":171.44946096500388,"standard_error":0.17711726972984387},"Median":{"confidence_interval":{"confidence_level":0.95,"lower_bound":170.7684057957111,"upper_bound":171.0174529964434},"point_estimate":170.8675747471263,"standard_error":0.06936238605556841},"MedianAbsDev":{"confidence_interval":{"confidence_level":0.95,"lower_bound":0.4157365838814916,"upper_bound":0.7661265622372093},"point_estimate":0.5149152736748553,"standard_error":0.08886899834226661},"Slope":{"confidence_interval":{"confidence_level":0.95,"lower_bound":170.942813859364,"upper_bound":171.45252372708148},"point_estimate":171.17832436032157,"standard_error":0.13087075450993924},"StdDev":{"confidence_interval":{"confidence_level":0.95,"lower_bound":1.05453688508407,"upper_bound":2.4435822413718267},"point_estimate":1.7798356764173793,"standard_error":0.36177691668612943}}