{"Mean":{"confidence_interval":{"confidence_level":0.95,"lower_bound":173.7264663939495,"upper_bound":174.94010458428482},"point_estimate":174.26314040972883,"standard_error":0.31377999185062183},"Median":{"confidence_interval":{"confidence_level":0.95,"lower_bound":172.98773613528576,"upper_bound":173.76273493764273},"point_estimate":173.1713836631874,"standard_error":0.20893540485046747},"MedianAbsDev":{"confidence_interval":{"confidence_level":0.95,"lower_bound":0.5893650884016203,"upper_bound":1.5971110510413506},"point_estimate":0.9254533252644334,"standard_error":0.25209622917631297},"Slope":{"confidence_interval":{"confidence_level":0.95,"lower_bound":173.88347267549383,"upper_bound":175.55728654870674},"point_estimate":174.5831639066547,"standard_error":0.4378058235620016},"StdDev":{"confidence_interval":{"confidence_level":0.95,"lower_bound":1.3581180052693698,"upper_bound":4.6130220990298465},"point_estimate":3.158888513678572,"standard_error":0.843802969937887}}