{"Mean":{"confidence_interval":{"confidence_level":0.95,"lower_bound":-0.15820876872725936,"upper_bound":-0.15256189330242217},"point_estimate":-0.15571078249484815,"standard_error":0.001435982359897954},"Median":{"confidence_interval":{"confidence_level":0.95,"lower_bound":-0.15844784456069516,"upper_bound":-0.15505287839637516},"point_estimate":-0.15663395241374223,"standard_error":0.0008581551429432663}}