{"Mean":{"confidence_interval":{"confidence_level":0.95,"lower_bound":7462.347538369462,"upper_bound":7498.5877170169615},"point_estimate":7479.996462111506,"standard_error":9.226524458514024},"Median":{"confidence_interval":{"confidence_level":0.95,"lower_bound":7442.247262177181,"upper_bound":7496.751137102015},"point_estimate":7470.759168328986,"standard_error":13.552499874003423},"MedianAbsDev":{"confidence_interval":{"confidence_level":0.95,"lower_bound":71.93356260238104,"upper_bound":116.65252890036021},"point_estimate":91.90402803494476,"standard_error":11.276520478734481},"Slope":{"confidence_interval":{"confidence_level":0.95,"lower_bound":7470.550098938909,"upper_bound":7511.407380820102},"point_estimate":7490.329524861363,"standard_error":10.401280356834247},"StdDev":{"confidence_interval":{"confidence_level":0.95,"lower_bound":78.00139623388284,"upper_bound":106.45983337317593},"point_estimate":93.0502247970716,"standard_error":7.265181995596902}}