{"Mean":{"confidence_interval":{"confidence_level":0.95,"lower_bound":-0.07201246336330448,"upper_bound":-0.06670481358122533},"point_estimate":-0.06928263506591881,"standard_error":0.0013382154404827033},"Median":{"confidence_interval":{"confidence_level":0.95,"lower_bound":-0.07334188359502403,"upper_bound":-0.0630304904000463},"point_estimate":-0.06939891061652759,"standard_error":0.0026140185868479974}}