{"Mean":{"confidence_interval":{"confidence_level":0.95,"lower_bound":159.69462034777027,"upper_bound":160.3004989585089},"point_estimate":159.99338987547944,"standard_error":0.15493993020324082},"Median":{"confidence_interval":{"confidence_level":0.95,"lower_bound":158.85899861653647,"upper_bound":160.8700706845238},"point_estimate":159.89414431014148,"standard_error":0.6440521548655685},"MedianAbsDev":{"confidence_interval":{"confidence_level":0.95,"lower_bound":1.0035793523305783,"upper_bound":2.531032323118298},"point_estimate":1.9250010598508158,"standard_error":0.38181468566089505},"Slope":{"confidence_interval":{"confidence_level":0.95,"lower_bound":159.04405101279832,"upper_bound":159.6572217756123},"point_estimate":159.32880884870204,"standard_error":0.15639583222812878},"StdDev":{"confidence_interval":{"confidence_level":0.95,"lower_bound":1.375283202431333,"upper_bound":1.7327086649802101},"point_estimate":1.559957081344827,"standard_error":0.09145962760307298}}