{"Mean":{"confidence_interval":{"confidence_level":0.95,"lower_bound":157.76906920330643,"upper_bound":158.0275878520845},"point_estimate":157.89251584272967,"standard_error":0.06624492490820626},"Median":{"confidence_interval":{"confidence_level":0.95,"lower_bound":157.6104600420978,"upper_bound":157.84669174932543},"point_estimate":157.73619176046455,"standard_error":0.06559678954860977},"MedianAbsDev":{"confidence_interval":{"confidence_level":0.95,"lower_bound":0.29137448172692826,"upper_bound":0.5067331688679783},"point_estimate":0.37698594667378055,"standard_error":0.05345359828856462},"Slope":{"confidence_interval":{"confidence_level":0.95,"lower_bound":157.7384495175923,"upper_bound":157.9775759013427},"point_estimate":157.85071456699578,"standard_error":0.061310423465490725},"StdDev":{"confidence_interval":{"confidence_level":0.95,"lower_bound":0.49363879402509514,"upper_bound":0.8114559754880306},"point_estimate":0.6666920605560108,"standard_error":0.08117798070945999}}