{"Mean":{"confidence_interval":{"confidence_level":0.95,"lower_bound":11.103049627011139,"upper_bound":11.117640022295106},"point_estimate":11.110044192150069,"standard_error":0.0037318909378467914},"Median":{"confidence_interval":{"confidence_level":0.95,"lower_bound":11.096570452499796,"upper_bound":11.109768789378938},"point_estimate":11.101095773561259,"standard_error":0.0036313974153395624},"MedianAbsDev":{"confidence_interval":{"confidence_level":0.95,"lower_bound":0.017998948979200406,"upper_bound":0.03248919565260616},"point_estimate":0.023015064490747354,"standard_error":0.004001893148256129},"Slope":{"confidence_interval":{"confidence_level":0.95,"lower_bound":11.105808163544616,"upper_bound":11.12584337606493},"point_estimate":11.11518687076333,"standard_error":0.00513416317881376},"StdDev":{"confidence_interval":{"confidence_level":0.95,"lower_bound":0.028317435930192956,"upper_bound":0.046223233764745485},"point_estimate":0.03761876826419902,"standard_error":0.004598703339333236}}