{"Mean":{"confidence_interval":{"confidence_level":0.95,"lower_bound":14.283066572117948,"upper_bound":14.372377083298463},"point_estimate":14.320427700621806,"standard_error":0.02317884303733925},"Median":{"confidence_interval":{"confidence_level":0.95,"lower_bound":14.254411665944613,"upper_bound":14.270875992715368},"point_estimate":14.263251779411593,"standard_error":0.0048645418062839155},"MedianAbsDev":{"confidence_interval":{"confidence_level":0.95,"lower_bound":0.03097197240339777,"upper_bound":0.06507853804984992},"point_estimate":0.04232659603139182,"standard_error":0.008494234669716173},"Slope":{"confidence_interval":{"confidence_level":0.95,"lower_bound":14.27587836054809,"upper_bound":14.395282384814474},"point_estimate":14.323778680034764,"standard_error":0.031041615464683245},"StdDev":{"confidence_interval":{"confidence_level":0.95,"lower_bound":0.08567386010228989,"upper_bound":0.36791963024895735},"point_estimate":0.2330495134691405,"standard_error":0.08381895942574902}}