{"Mean":{"confidence_interval":{"confidence_level":0.95,"lower_bound":1489.6313597993285,"upper_bound":1498.493439049451},"point_estimate":1493.5028116837848,"standard_error":2.282263159658663},"Median":{"confidence_interval":{"confidence_level":0.95,"lower_bound":1484.839015151515,"upper_bound":1488.8803620621802},"point_estimate":1486.5508417508418,"standard_error":1.0991201100744905},"MedianAbsDev":{"confidence_interval":{"confidence_level":0.95,"lower_bound":4.777707345619339,"upper_bound":10.481190988828631},"point_estimate":7.5281452792881565,"standard_error":1.4484282852266974},"Slope":{"confidence_interval":{"confidence_level":0.95,"lower_bound":1491.8949502188677,"upper_bound":1497.19909846814},"point_estimate":1494.6392089955264,"standard_error":1.36158991798917},"StdDev":{"confidence_interval":{"confidence_level":0.95,"lower_bound":9.876183039567318,"upper_bound":33.93064352428328},"point_estimate":22.9462265973821,"standard_error":6.41733121737082}}