{"Mean":{"confidence_interval":{"confidence_level":0.95,"lower_bound":42317.631217506256,"upper_bound":42558.47803853466},"point_estimate":42429.64929051011,"standard_error":61.765615030840415},"Median":{"confidence_interval":{"confidence_level":0.95,"lower_bound":42050.0,"upper_bound":42493.229166666664},"point_estimate":42245.81093189964,"standard_error":161.15977448537353},"MedianAbsDev":{"confidence_interval":{"confidence_level":0.95,"lower_bound":178.88247360438464,"upper_bound":690.9144982083059},"point_estimate":415.1794717957582,"standard_error":163.48664038003025},"Slope":{"confidence_interval":{"confidence_level":0.95,"lower_bound":42563.58439939826,"upper_bound":43002.738670946834},"point_estimate":42754.29606915916,"standard_error":114.07046729969255},"StdDev":{"confidence_interval":{"confidence_level":0.95,"lower_bound":401.45816763382703,"upper_bound":832.4350295547762},"point_estimate":618.6938740501956,"standard_error":113.52024314653308}}