{"Mean":{"confidence_interval":{"confidence_level":0.95,"lower_bound":14.542769821076403,"upper_bound":14.58723477020251},"point_estimate":14.563593707933132,"standard_error":0.011289439549747806},"Median":{"confidence_interval":{"confidence_level":0.95,"lower_bound":14.583434827654523,"upper_bound":14.588688911859823},"point_estimate":14.586969729869676,"standard_error":0.0017365883715635458},"MedianAbsDev":{"confidence_interval":{"confidence_level":0.95,"lower_bound":0.0101558049700883,"upper_bound":0.048140386549867964},"point_estimate":0.018343747861489238,"standard_error":0.00968708416143805},"Slope":{"confidence_interval":{"confidence_level":0.95,"lower_bound":14.528145886925197,"upper_bound":14.600584536657392},"point_estimate":14.559796658604336,"standard_error":0.018576585196256643},"StdDev":{"confidence_interval":{"confidence_level":0.95,"lower_bound":0.07324497505346403,"upper_bound":0.15932704641548223},"point_estimate":0.11348296182064233,"standard_error":0.024176499387416502}}