{"Mean":{"confidence_interval":{"confidence_level":0.95,"lower_bound":14.323054860707657,"upper_bound":14.3687020324651},"point_estimate":14.345367368588319,"standard_error":0.011643819640199695},"Median":{"confidence_interval":{"confidence_level":0.95,"lower_bound":14.274732983156435,"upper_bound":14.33512712082888},"point_estimate":14.29712203492851,"standard_error":0.01467446204221302},"MedianAbsDev":{"confidence_interval":{"confidence_level":0.95,"lower_bound":0.055047536110646784,"upper_bound":0.14167677394223732},"point_estimate":0.0831761962996931,"standard_error":0.02193295913133453},"Slope":{"confidence_interval":{"confidence_level":0.95,"lower_bound":14.324482537607492,"upper_bound":14.387362192020891},"point_estimate":14.355396784617035,"standard_error":0.016047068231925764},"StdDev":{"confidence_interval":{"confidence_level":0.95,"lower_bound":0.09965291327725209,"upper_bound":0.13297878777942593},"point_estimate":0.11682649237549518,"standard_error":0.008514808133416745}}