{"Mean":{"confidence_interval":{"confidence_level":0.95,"lower_bound":6517.341655563096,"upper_bound":6537.323256081742},"point_estimate":6526.837264489607,"standard_error":5.105783454775481},"Median":{"confidence_interval":{"confidence_level":0.95,"lower_bound":6504.69504928171,"upper_bound":6520.359583130279},"point_estimate":6509.464643265774,"standard_error":4.034074542812475},"MedianAbsDev":{"confidence_interval":{"confidence_level":0.95,"lower_bound":19.65521963460274,"upper_bound":37.600522242479585},"point_estimate":25.537119991969497,"standard_error":4.565138018681492},"Slope":{"confidence_interval":{"confidence_level":0.95,"lower_bound":6519.774069263337,"upper_bound":6541.448817916032},"point_estimate":6529.452270305585,"standard_error":5.552004478997758},"StdDev":{"confidence_interval":{"confidence_level":0.95,"lower_bound":37.15488169103598,"upper_bound":65.67556111368975},"point_estimate":51.37959036365635,"standard_error":7.429885600942926}}