{"Mean":{"confidence_interval":{"confidence_level":0.95,"lower_bound":174.9264865570439,"upper_bound":175.60823056426594},"point_estimate":175.24881747087704,"standard_error":0.17341406445402513},"Median":{"confidence_interval":{"confidence_level":0.95,"lower_bound":174.3528623245545,"upper_bound":175.92364316446017},"point_estimate":175.2243803687695,"standard_error":0.4093061805539565},"MedianAbsDev":{"confidence_interval":{"confidence_level":0.95,"lower_bound":1.2424058679279602,"upper_bound":1.9718411657279677},"point_estimate":1.7144050800175497,"standard_error":0.18509326473418466},"Slope":{"confidence_interval":{"confidence_level":0.95,"lower_bound":174.72702987249883,"upper_bound":176.06293099716896},"point_estimate":175.33071557245756,"standard_error":0.34433317943709796},"StdDev":{"confidence_interval":{"confidence_level":0.95,"lower_bound":1.2646378888771215,"upper_bound":2.298409676790033},"point_estimate":1.744154566321866,"standard_error":0.27984691357928443}}