{"Mean":{"confidence_interval":{"confidence_level":0.95,"lower_bound":61.21761578188146,"upper_bound":61.73309549605346},"point_estimate":61.41957710161424,"standard_error":0.13710061512264055},"Median":{"confidence_interval":{"confidence_level":0.95,"lower_bound":61.292159490321446,"upper_bound":61.41481988534269},"point_estimate":61.37535306833115,"standard_error":0.03651952102346215},"MedianAbsDev":{"confidence_interval":{"confidence_level":0.95,"lower_bound":0.4715603395046933,"upper_bound":0.6626723322478638},"point_estimate":0.5619641649611051,"standard_error":0.05231514747619521},"Slope":{"confidence_interval":{"confidence_level":0.95,"lower_bound":61.161534951148965,"upper_bound":61.32022897526744},"point_estimate":61.24389089366327,"standard_error":0.04038964708201312},"StdDev":{"confidence_interval":{"confidence_level":0.95,"lower_bound":0.4390309273989674,"upper_bound":2.2718974642992253},"point_estimate":1.3774693313925677,"standard_error":0.6226804587276888}}