{"Mean":{"confidence_interval":{"confidence_level":0.95,"lower_bound":69616.99349213667,"upper_bound":70135.89667419589},"point_estimate":69834.93710873631,"standard_error":135.2015148419119},"Median":{"confidence_interval":{"confidence_level":0.95,"lower_bound":69442.07792207792,"upper_bound":69599.93993993994},"point_estimate":69541.68219461698,"standard_error":33.970708174274776},"MedianAbsDev":{"confidence_interval":{"confidence_level":0.95,"lower_bound":249.97853243345918,"upper_bound":435.5298382919748},"point_estimate":358.3957825520782,"standard_error":47.869727034756856},"Slope":{"confidence_interval":{"confidence_level":0.95,"lower_bound":69490.90419494167,"upper_bound":69667.64539504115},"point_estimate":69574.58891680212,"standard_error":45.249642689412795},"StdDev":{"confidence_interval":{"confidence_level":0.95,"lower_bound":425.4424432783755,"upper_bound":2153.7535298761322},"point_estimate":1363.3304840112005,"standard_error":489.63532158833056}}