{"Mean":{"confidence_interval":{"confidence_level":0.95,"lower_bound":155.6720860866967,"upper_bound":156.01680898810795},"point_estimate":155.84079047655362,"standard_error":0.0878321625027737},"Median":{"confidence_interval":{"confidence_level":0.95,"lower_bound":155.44866740261787,"upper_bound":156.0228288244374},"point_estimate":155.72848608407395,"standard_error":0.13785095091340246},"MedianAbsDev":{"confidence_interval":{"confidence_level":0.95,"lower_bound":0.6737952096116325,"upper_bound":0.9902687817445525},"point_estimate":0.885917745366164,"standard_error":0.07917679371953136},"Slope":{"confidence_interval":{"confidence_level":0.95,"lower_bound":155.9919290540066,"upper_bound":156.34246626909592},"point_estimate":156.16375055182942,"standard_error":0.08905123523962157},"StdDev":{"confidence_interval":{"confidence_level":0.95,"lower_bound":0.7186639673187677,"upper_bound":1.0364065430197194},"point_estimate":0.8834066505403989,"standard_error":0.08127948016933711}}