{"Mean":{"confidence_interval":{"confidence_level":0.95,"lower_bound":3489.7729953364133,"upper_bound":3497.6413874687446},"point_estimate":3493.372798412689,"standard_error":2.017104175140771},"Median":{"confidence_interval":{"confidence_level":0.95,"lower_bound":3486.2788346659318,"upper_bound":3491.446725317693},"point_estimate":3489.147317022492,"standard_error":1.4901738278708043},"MedianAbsDev":{"confidence_interval":{"confidence_level":0.95,"lower_bound":7.224840623706668,"upper_bound":12.34585130965243},"point_estimate":10.061663019427261,"standard_error":1.2782681446141706},"Slope":{"confidence_interval":{"confidence_level":0.95,"lower_bound":3488.4940631505074,"upper_bound":3493.6070528617593},"point_estimate":3490.876761725282,"standard_error":1.3004970474095459},"StdDev":{"confidence_interval":{"confidence_level":0.95,"lower_bound":12.398370413781949,"upper_bound":28.112718598809472},"point_estimate":20.254981910898707,"standard_error":4.148354781587482}}