{"Mean":{"confidence_interval":{"confidence_level":0.95,"lower_bound":-0.10313366243823988,"upper_bound":-0.09830997585856834},"point_estimate":-0.10068822590946469,"standard_error":0.001226880211286734},"Median":{"confidence_interval":{"confidence_level":0.95,"lower_bound":-0.10365017744864835,"upper_bound":-0.09626258760807871},"point_estimate":-0.09977069844151454,"standard_error":0.0019160311064576564}}