{"Mean":{"confidence_interval":{"confidence_level":0.95,"lower_bound":162.81903462309168,"upper_bound":173.1738068386057},"point_estimate":167.85741190310907,"standard_error":2.642451737042004},"Median":{"confidence_interval":{"confidence_level":0.95,"lower_bound":153.10764585677822,"upper_bound":154.7299706877506},"point_estimate":153.60029116544462,"standard_error":0.3742732459568261},"MedianAbsDev":{"confidence_interval":{"confidence_level":0.95,"lower_bound":1.6056803549011929,"upper_bound":3.607098434957262},"point_estimate":2.1364268749305633,"standard_error":0.4692153610388657},"Slope":{"confidence_interval":{"confidence_level":0.95,"lower_bound":176.7727903271115,"upper_bound":193.04605241091252},"point_estimate":185.4140700064427,"standard_error":4.1454987973117445},"StdDev":{"confidence_interval":{"confidence_level":0.95,"lower_bound":22.520968209772114,"upper_bound":29.300496674091267},"point_estimate":26.541126945220483,"standard_error":1.738483582167831}}