{"Mean":{"confidence_interval":{"confidence_level":0.95,"lower_bound":-0.07847107370017757,"upper_bound":-0.0684609639335427},"point_estimate":-0.07408570483070742,"standard_error":0.0026119554759486893},"Median":{"confidence_interval":{"confidence_level":0.95,"lower_bound":-0.07629186387371922,"upper_bound":-0.07371413992584175},"point_estimate":-0.07483271914815226,"standard_error":0.0006515940391527624}}