{"Mean":{"confidence_interval":{"confidence_level":0.95,"lower_bound":137.6273674127095,"upper_bound":137.82470912641836},"point_estimate":137.72453502581257,"standard_error":0.05023263703357326},"Median":{"confidence_interval":{"confidence_level":0.95,"lower_bound":137.5838190816412,"upper_bound":137.7595428785537},"point_estimate":137.67639646555466,"standard_error":0.05536783219032122},"MedianAbsDev":{"confidence_interval":{"confidence_level":0.95,"lower_bound":0.27703950490973794,"upper_bound":0.47122683527909176},"point_estimate":0.35961273367007207,"standard_error":0.05164084300836612},"Slope":{"confidence_interval":{"confidence_level":0.95,"lower_bound":137.64268196773224,"upper_bound":137.77833610703843},"point_estimate":137.70716965119658,"standard_error":0.03448803048204737},"StdDev":{"confidence_interval":{"confidence_level":0.95,"lower_bound":0.34800664455823854,"upper_bound":0.6532355360532183},"point_estimate":0.5032427048625717,"standard_error":0.07880521977778293}}