{"Mean":{"confidence_interval":{"confidence_level":0.95,"lower_bound":3253.663354545075,"upper_bound":3262.508865921471},"point_estimate":3257.888463876036,"standard_error":2.251044774940764},"Median":{"confidence_interval":{"confidence_level":0.95,"lower_bound":3247.8361043651535,"upper_bound":3251.6501650165014},"point_estimate":3249.5296757248643,"standard_error":0.9323318148858071},"MedianAbsDev":{"confidence_interval":{"confidence_level":0.95,"lower_bound":5.774869990830834,"upper_bound":11.213134158717638},"point_estimate":8.587252354386305,"standard_error":1.4314358166417334},"Slope":{"confidence_interval":{"confidence_level":0.95,"lower_bound":3251.827518541256,"upper_bound":3260.7621659109177},"point_estimate":3255.9269323415274,"standard_error":2.2913168175188847},"StdDev":{"confidence_interval":{"confidence_level":0.95,"lower_bound":17.265786482892246,"upper_bound":27.167310906490787},"point_estimate":22.627237432015466,"standard_error":2.534338806062824}}