{"Mean":{"confidence_interval":{"confidence_level":0.95,"lower_bound":98690.11259442096,"upper_bound":98896.55058368167},"point_estimate":98784.94673893669,"standard_error":52.73211295786928},"Median":{"confidence_interval":{"confidence_level":0.95,"lower_bound":98654.98380566802,"upper_bound":98741.03448275862},"point_estimate":98696.75770308124,"standard_error":20.87340114404773},"MedianAbsDev":{"confidence_interval":{"confidence_level":0.95,"lower_bound":158.5597916570005,"upper_bound":253.49236506483206},"point_estimate":211.47295212796126,"standard_error":24.634618916095338},"Slope":{"confidence_interval":{"confidence_level":0.95,"lower_bound":98704.99077500806,"upper_bound":98843.63766574001},"point_estimate":98769.72918575439,"standard_error":35.29677532094238},"StdDev":{"confidence_interval":{"confidence_level":0.95,"lower_bound":304.1671125228017,"upper_bound":741.7802477483363},"point_estimate":530.9576301237605,"standard_error":114.00900832692746}}