{"Mean":{"confidence_interval":{"confidence_level":0.95,"lower_bound":1153.812504594988,"upper_bound":1157.126269192411},"point_estimate":1155.4035170815218,"standard_error":0.8444253181227429},"Median":{"confidence_interval":{"confidence_level":0.95,"lower_bound":1151.588979354587,"upper_bound":1152.8809731934732},"point_estimate":1152.2342247297524,"standard_error":0.3301299449484924},"MedianAbsDev":{"confidence_interval":{"confidence_level":0.95,"lower_bound":2.6926227839101866,"upper_bound":5.626194538809748},"point_estimate":4.147201486489994,"standard_error":0.7701581991699913},"Slope":{"confidence_interval":{"confidence_level":0.95,"lower_bound":1151.8402744316766,"upper_bound":1154.3051554501537},"point_estimate":1152.972953896997,"standard_error":0.6306196466648791},"StdDev":{"confidence_interval":{"confidence_level":0.95,"lower_bound":6.6268517506726585,"upper_bound":10.234783824238685},"point_estimate":8.504310298275055,"standard_error":0.9233865168373383}}