{"Mean":{"confidence_interval":{"confidence_level":0.95,"lower_bound":230.29166165538356,"upper_bound":230.9832441354999},"point_estimate":230.6269406896958,"standard_error":0.17661208903629877},"Median":{"confidence_interval":{"confidence_level":0.95,"lower_bound":229.81038861197408,"upper_bound":230.46143411263486},"point_estimate":230.14817237283017,"standard_error":0.1720202688415415},"MedianAbsDev":{"confidence_interval":{"confidence_level":0.95,"lower_bound":1.0989559217958813,"upper_bound":2.0774222970525957},"point_estimate":1.5953824510663257,"standard_error":0.25289712763920413},"Slope":{"confidence_interval":{"confidence_level":0.95,"lower_bound":230.253856237604,"upper_bound":230.83707211546405},"point_estimate":230.53315641102915,"standard_error":0.1492772612458637},"StdDev":{"confidence_interval":{"confidence_level":0.95,"lower_bound":1.4346485497001442,"upper_bound":2.1161395687829807},"point_estimate":1.7738829753558307,"standard_error":0.17591907874542106}}