{"Mean":{"confidence_interval":{"confidence_level":0.95,"lower_bound":193.78614960801323,"upper_bound":194.32999983802944},"point_estimate":194.03886386820162,"standard_error":0.13913550384115878},"Median":{"confidence_interval":{"confidence_level":0.95,"lower_bound":193.4612569797555,"upper_bound":193.71685781230732},"point_estimate":193.58406334231807,"standard_error":0.06410747018028691},"MedianAbsDev":{"confidence_interval":{"confidence_level":0.95,"lower_bound":0.3820327738677532,"upper_bound":0.756966150024559},"point_estimate":0.5057137399497099,"standard_error":0.09743862284367427},"Slope":{"confidence_interval":{"confidence_level":0.95,"lower_bound":193.7169679639419,"upper_bound":194.0830937190482},"point_estimate":193.88540443913442,"standard_error":0.09338188791508222},"StdDev":{"confidence_interval":{"confidence_level":0.95,"lower_bound":0.9206346220020356,"upper_bound":1.894350310642073},"point_estimate":1.3984948934352746,"standard_error":0.26285875918961005}}