{"Mean":{"confidence_interval":{"confidence_level":0.95,"lower_bound":736.8228249309532,"upper_bound":739.9141574410685},"point_estimate":738.2936281615017,"standard_error":0.7877465692782478},"Median":{"confidence_interval":{"confidence_level":0.95,"lower_bound":737.8348483976756,"upper_bound":740.2779855397656},"point_estimate":739.4094672748533,"standard_error":0.5442640293605471},"MedianAbsDev":{"confidence_interval":{"confidence_level":0.95,"lower_bound":2.2216874787919445,"upper_bound":6.649482667923054},"point_estimate":5.06033883222586,"standard_error":1.0996481302317793},"Slope":{"confidence_interval":{"confidence_level":0.95,"lower_bound":736.3580947177774,"upper_bound":743.2047140748335},"point_estimate":739.4161980370443,"standard_error":1.764738542645247},"StdDev":{"confidence_interval":{"confidence_level":0.95,"lower_bound":5.282011547627279,"upper_bound":10.458417232603397},"point_estimate":7.942725970135493,"standard_error":1.3520468107349468}}