{"Mean":{"confidence_interval":{"confidence_level":0.95,"lower_bound":748.1960926540444,"upper_bound":755.208227203826},"point_estimate":751.6197158501797,"standard_error":1.7809807168534049},"Median":{"confidence_interval":{"confidence_level":0.95,"lower_bound":739.8848536435428,"upper_bound":749.8377522754254},"point_estimate":742.668155779058,"standard_error":2.7165350145240326},"MedianAbsDev":{"confidence_interval":{"confidence_level":0.95,"lower_bound":5.692917421940093,"upper_bound":19.7173964643507},"point_estimate":9.890171091217708,"standard_error":3.6965169949443757},"Slope":{"confidence_interval":{"confidence_level":0.95,"lower_bound":756.2425443255801,"upper_bound":765.8916678282507},"point_estimate":761.4116756350755,"standard_error":2.4636041418891232},"StdDev":{"confidence_interval":{"confidence_level":0.95,"lower_bound":15.351241518624025,"upper_bound":20.03359225190957},"point_estimate":17.89073216594984,"standard_error":1.193329714392882}}