{"Mean":{"confidence_interval":{"confidence_level":0.95,"lower_bound":-0.588452532233334,"upper_bound":-0.5858608721180546},"point_estimate":-0.5871013877718638,"standard_error":0.0006588107552531003},"Median":{"confidence_interval":{"confidence_level":0.95,"lower_bound":-0.5897462984247597,"upper_bound":-0.5888639237328709},"point_estimate":-0.5894647504064077,"standard_error":0.0002178673373629909}}