{"Mean":{"confidence_interval":{"confidence_level":0.95,"lower_bound":-0.2997026058797642,"upper_bound":-0.29790276778510194},"point_estimate":-0.2987897319708064,"standard_error":0.0004596274482614304},"Median":{"confidence_interval":{"confidence_level":0.95,"lower_bound":-0.29929654797071437,"upper_bound":-0.29829692758668686},"point_estimate":-0.2988418643234486,"standard_error":0.0002556170098852888}}