{"Mean":{"confidence_interval":{"confidence_level":0.95,"lower_bound":0.0006977814827958843,"upper_bound":0.004816907480033267},"point_estimate":0.0024948554883612584,"standard_error":0.0010753581918590627},"Median":{"confidence_interval":{"confidence_level":0.95,"lower_bound":-0.0007217794065089711,"upper_bound":0.0017410965961293101},"point_estimate":0.00021051495437562906,"standard_error":0.0006110307989376877}}