{"Mean":{"confidence_interval":{"confidence_level":0.95,"lower_bound":3286.5971049905074,"upper_bound":3340.31843911509},"point_estimate":3309.2200740412877,"standard_error":13.93888252024231},"Median":{"confidence_interval":{"confidence_level":0.95,"lower_bound":3271.8153257258414,"upper_bound":3285.9234649932323},"point_estimate":3278.966439819153,"standard_error":3.329083009976113},"MedianAbsDev":{"confidence_interval":{"confidence_level":0.95,"lower_bound":22.887757831208493,"upper_bound":37.982784923385644},"point_estimate":30.16497829586294,"standard_error":3.9321908474787852},"Slope":{"confidence_interval":{"confidence_level":0.95,"lower_bound":3283.749331921817,"upper_bound":3303.1390714675067},"point_estimate":3292.524463305655,"standard_error":4.962648409013899},"StdDev":{"confidence_interval":{"confidence_level":0.95,"lower_bound":45.970945767744446,"upper_bound":220.17913002524892},"point_estimate":139.94799864158358,"standard_error":48.919983248727384}}