{"Mean":{"confidence_interval":{"confidence_level":0.95,"lower_bound":1622.553730865778,"upper_bound":1672.033322366378},"point_estimate":1647.6129872814106,"standard_error":12.63982310382352},"Median":{"confidence_interval":{"confidence_level":0.95,"lower_bound":1734.5361238474582,"upper_bound":1739.2449324945737},"point_estimate":1737.7634888961159,"standard_error":12.750164510089377},"MedianAbsDev":{"confidence_interval":{"confidence_level":0.95,"lower_bound":8.426509240887894,"upper_bound":42.02808247263203},"point_estimate":13.540372363476694,"standard_error":12.21034907322209},"Slope":{"confidence_interval":{"confidence_level":0.95,"lower_bound":1723.3929807261488,"upper_bound":1739.2685496689185},"point_estimate":1732.2541773458768,"standard_error":4.04244801089212},"StdDev":{"confidence_interval":{"confidence_level":0.95,"lower_bound":117.19123486589513,"upper_bound":131.54731358477622},"point_estimate":126.715251984714,"standard_error":3.7489433066400712}}