{"Mean":{"confidence_interval":{"confidence_level":0.95,"lower_bound":1498.9819586397855,"upper_bound":1508.6774730050981},"point_estimate":1503.4788148900016,"standard_error":2.4811215007401235},"Median":{"confidence_interval":{"confidence_level":0.95,"lower_bound":1491.7565485362095,"upper_bound":1505.4551380822568},"point_estimate":1496.1889537195266,"standard_error":3.301718131575957},"MedianAbsDev":{"confidence_interval":{"confidence_level":0.95,"lower_bound":10.572708085894984,"upper_bound":19.573454064976275},"point_estimate":16.73607507928152,"standard_error":2.483809829247801},"Slope":{"confidence_interval":{"confidence_level":0.95,"lower_bound":1499.5630020905344,"upper_bound":1505.6985640798127},"point_estimate":1502.7195728932872,"standard_error":1.5658468562751808},"StdDev":{"confidence_interval":{"confidence_level":0.95,"lower_bound":15.468840024280391,"upper_bound":33.31534125807243},"point_estimate":25.058338405709645,"standard_error":4.602306048150515}}