{"Mean":{"confidence_interval":{"confidence_level":0.95,"lower_bound":0.06807133629355827,"upper_bound":0.07291035591241385},"point_estimate":0.07044992655875149,"standard_error":0.0012318322613698626},"Median":{"confidence_interval":{"confidence_level":0.95,"lower_bound":0.06137395772802501,"upper_bound":0.07228187812411302},"point_estimate":0.06213802312831396,"standard_error":0.0026220364738349716}}