{"Mean":{"confidence_interval":{"confidence_level":0.95,"lower_bound":-0.005293002005094927,"upper_bound":-0.003188248225955526},"point_estimate":-0.004199835525138695,"standard_error":0.0005354755129960277},"Median":{"confidence_interval":{"confidence_level":0.95,"lower_bound":-0.004626760027069743,"upper_bound":-0.00294639727521806},"point_estimate":-0.003785302187946371,"standard_error":0.000464187222022832}}