{"Mean":{"confidence_interval":{"confidence_level":0.95,"lower_bound":-0.027522911066359766,"upper_bound":-0.016459566596127653},"point_estimate":-0.021341686701373597,"standard_error":0.002850619538243803},"Median":{"confidence_interval":{"confidence_level":0.95,"lower_bound":-0.019060181508698378,"upper_bound":-0.017466966801739425},"point_estimate":-0.01812767580548913,"standard_error":0.0004220063922852945}}