{"Mean":{"confidence_interval":{"confidence_level":0.95,"lower_bound":199.97236966758038,"upper_bound":200.4962507725466},"point_estimate":200.2143381234369,"standard_error":0.13371310442502224},"Median":{"confidence_interval":{"confidence_level":0.95,"lower_bound":199.79591836734693,"upper_bound":200.0734384662956},"point_estimate":199.91098921537656,"standard_error":0.06369792128288697},"MedianAbsDev":{"confidence_interval":{"confidence_level":0.95,"lower_bound":0.48808413366848474,"upper_bound":0.7755195359697006},"point_estimate":0.6492934217008483,"standard_error":0.07192075201126581},"Slope":{"confidence_interval":{"confidence_level":0.95,"lower_bound":200.00906664368034,"upper_bound":200.76417215885138},"point_estimate":200.33899842162103,"standard_error":0.19487397754636834},"StdDev":{"confidence_interval":{"confidence_level":0.95,"lower_bound":0.8214909519011967,"upper_bound":1.8179702965891278},"point_estimate":1.3442674746878374,"standard_error":0.2565182643946416}}