{"Mean":{"confidence_interval":{"confidence_level":0.95,"lower_bound":33.711808151104364,"upper_bound":34.12879862381229},"point_estimate":33.90618479250566,"standard_error":0.10663933454407556},"Median":{"confidence_interval":{"confidence_level":0.95,"lower_bound":33.52141827076112,"upper_bound":33.56377160563396},"point_estimate":33.53680210139091,"standard_error":0.010196549393056387},"MedianAbsDev":{"confidence_interval":{"confidence_level":0.95,"lower_bound":0.07579582156526994,"upper_bound":0.14693861465088856},"point_estimate":0.11276498123108417,"standard_error":0.016876581745825972},"Slope":{"confidence_interval":{"confidence_level":0.95,"lower_bound":33.90524685769137,"upper_bound":34.68415196607447},"point_estimate":34.278894711201744,"standard_error":0.199309779269782},"StdDev":{"confidence_interval":{"confidence_level":0.95,"lower_bound":0.7389395425898602,"upper_bound":1.3242705428735884},"point_estimate":1.0678311714524147,"standard_error":0.1514760137256858}}