{"Mean":{"confidence_interval":{"confidence_level":0.95,"lower_bound":33.39890532063002,"upper_bound":33.49059791806986},"point_estimate":33.44231659746526,"standard_error":0.02335190449330685},"Median":{"confidence_interval":{"confidence_level":0.95,"lower_bound":33.36689506518926,"upper_bound":33.41431492681042},"point_estimate":33.381091254366034,"standard_error":0.012129916532564308},"MedianAbsDev":{"confidence_interval":{"confidence_level":0.95,"lower_bound":0.07036210751267541,"upper_bound":0.11753092432654369},"point_estimate":0.08599692570363202,"standard_error":0.012616037018656552},"Slope":{"confidence_interval":{"confidence_level":0.95,"lower_bound":33.41164087753044,"upper_bound":33.51103389930274},"point_estimate":33.45691589267108,"standard_error":0.025434037648553117},"StdDev":{"confidence_interval":{"confidence_level":0.95,"lower_bound":0.16360342126484198,"upper_bound":0.2948442337628497},"point_estimate":0.23336893961775612,"standard_error":0.033590785749016985}}