{"Mean":{"confidence_interval":{"confidence_level":0.95,"lower_bound":179.1073756150668,"upper_bound":182.12066461256214},"point_estimate":180.35668388316827,"standard_error":0.7865462389429231},"Median":{"confidence_interval":{"confidence_level":0.95,"lower_bound":179.04268183446794,"upper_bound":179.38383678306644},"point_estimate":179.1555368089684,"standard_error":0.08425677189382694},"MedianAbsDev":{"confidence_interval":{"confidence_level":0.95,"lower_bound":0.6130324188667212,"upper_bound":2.77908156021317},"point_estimate":1.4762904314111318,"standard_error":0.6643785869965038},"Slope":{"confidence_interval":{"confidence_level":0.95,"lower_bound":177.80640417031617,"upper_bound":180.5202923958751},"point_estimate":178.90912746680905,"standard_error":0.700644734023711},"StdDev":{"confidence_interval":{"confidence_level":0.95,"lower_bound":2.308039932488858,"upper_bound":12.6615610965879},"point_estimate":7.94652255884594,"standard_error":2.9361176659449946}}