{"Mean":{"confidence_interval":{"confidence_level":0.95,"lower_bound":168.5398059031512,"upper_bound":168.91765445164745},"point_estimate":168.71643995068524,"standard_error":0.09655235788806081},"Median":{"confidence_interval":{"confidence_level":0.95,"lower_bound":168.306733163876,"upper_bound":168.56212581744495},"point_estimate":168.39091909374324,"standard_error":0.06104231309205583},"MedianAbsDev":{"confidence_interval":{"confidence_level":0.95,"lower_bound":0.31526189394585286,"upper_bound":0.5739870221321939},"point_estimate":0.4278615271057979,"standard_error":0.06448884207736008},"Slope":{"confidence_interval":{"confidence_level":0.95,"lower_bound":168.53612373896232,"upper_bound":169.06523346623163},"point_estimate":168.77976372477332,"standard_error":0.1357916007792713},"StdDev":{"confidence_interval":{"confidence_level":0.95,"lower_bound":0.63445941774001,"upper_bound":1.295143918724631},"point_estimate":0.9690871739330009,"standard_error":0.1725693849199397}}