{"Mean":{"confidence_interval":{"confidence_level":0.95,"lower_bound":-0.1275986531006976,"upper_bound":-0.11704384973350052},"point_estimate":-0.12213355327788489,"standard_error":0.002683770878864931},"Median":{"confidence_interval":{"confidence_level":0.95,"lower_bound":-0.12479593377341403,"upper_bound":-0.11976039452289189},"point_estimate":-0.12218202893897068,"standard_error":0.0013421795736318473}}