{"Mean":{"confidence_interval":{"confidence_level":0.95,"lower_bound":0.06608399797288128,"upper_bound":0.11659316752712157},"point_estimate":0.09181800175678156,"standard_error":0.012941584575438923},"Median":{"confidence_interval":{"confidence_level":0.95,"lower_bound":0.1534531692270551,"upper_bound":0.15873667995257357},"point_estimate":0.15770955351760518,"standard_error":0.0016953496268023159}}