{"Mean":{"confidence_interval":{"confidence_level":0.95,"lower_bound":1438.8863866995714,"upper_bound":1441.6914092191237},"point_estimate":1440.209282752203,"standard_error":0.7173072889141492},"Median":{"confidence_interval":{"confidence_level":0.95,"lower_bound":1437.2530543579182,"upper_bound":1438.8739099398053},"point_estimate":1438.1877105700478,"standard_error":0.4133435471463323},"MedianAbsDev":{"confidence_interval":{"confidence_level":0.95,"lower_bound":2.7228200522135477,"upper_bound":4.639240517569735},"point_estimate":3.6754484640695075,"standard_error":0.45461380850443184},"Slope":{"confidence_interval":{"confidence_level":0.95,"lower_bound":1438.1753899618298,"upper_bound":1440.5386464365395},"point_estimate":1439.259670550589,"standard_error":0.6028770359631375},"StdDev":{"confidence_interval":{"confidence_level":0.95,"lower_bound":5.112881674682616,"upper_bound":9.202520501034993},"point_estimate":7.1983785874119794,"standard_error":1.056230018453663}}