{"Mean":{"confidence_interval":{"confidence_level":0.95,"lower_bound":1479.7604032232962,"upper_bound":1495.3153991064164},"point_estimate":1486.3255948501092,"standard_error":4.037238392303347},"Median":{"confidence_interval":{"confidence_level":0.95,"lower_bound":1476.3422212587616,"upper_bound":1484.711684370258},"point_estimate":1479.4162599625422,"standard_error":1.9105163491667139},"MedianAbsDev":{"confidence_interval":{"confidence_level":0.95,"lower_bound":11.957880874751694,"upper_bound":17.910899914210297},"point_estimate":16.167118853361004,"standard_error":1.445826841133602},"Slope":{"confidence_interval":{"confidence_level":0.95,"lower_bound":1477.3402539797137,"upper_bound":1483.3686212398027},"point_estimate":1480.3089195020107,"standard_error":1.5347168944046587},"StdDev":{"confidence_interval":{"confidence_level":0.95,"lower_bound":12.343601809664074,"upper_bound":62.13207553589865},"point_estimate":40.338950230267564,"standard_error":13.541500767249326}}