{"Mean":{"confidence_interval":{"confidence_level":0.95,"lower_bound":7575.47836968632,"upper_bound":7614.507953687714},"point_estimate":7593.248565995409,"standard_error":9.992826114448315},"Median":{"confidence_interval":{"confidence_level":0.95,"lower_bound":7548.098929494278,"upper_bound":7581.25},"point_estimate":7561.014211886305,"standard_error":9.04809616917865},"MedianAbsDev":{"confidence_interval":{"confidence_level":0.95,"lower_bound":34.9972362569872,"upper_bound":73.93190465306822},"point_estimate":52.07015502632225,"standard_error":9.780584822976598},"Slope":{"confidence_interval":{"confidence_level":0.95,"lower_bound":7572.527431961232,"upper_bound":7610.613927779057},"point_estimate":7590.6994248192605,"standard_error":9.708924123127094},"StdDev":{"confidence_interval":{"confidence_level":0.95,"lower_bound":63.019657722707734,"upper_bound":141.38711634282544},"point_estimate":100.26633100559214,"standard_error":22.728676017658078}}