{"Mean":{"confidence_interval":{"confidence_level":0.95,"lower_bound":81.94016302514778,"upper_bound":82.74701831999852},"point_estimate":82.2480076373926,"standard_error":0.2167434640976336},"Median":{"confidence_interval":{"confidence_level":0.95,"lower_bound":81.82207247225236,"upper_bound":81.94455982941486},"point_estimate":81.8995868403577,"standard_error":0.034295232124068556},"MedianAbsDev":{"confidence_interval":{"confidence_level":0.95,"lower_bound":0.22190992616261115,"upper_bound":0.3632978873049628},"point_estimate":0.29867795135356634,"standard_error":0.03520433315492012},"Slope":{"confidence_interval":{"confidence_level":0.95,"lower_bound":82.0942254063031,"upper_bound":84.1149852860476},"point_estimate":82.87161148205426,"standard_error":0.5468044377310296},"StdDev":{"confidence_interval":{"confidence_level":0.95,"lower_bound":0.47483459734042066,"upper_bound":3.6147490634559962},"point_estimate":2.1744293978197433,"standard_error":1.0191387650949109}}