{"Mean":{"confidence_interval":{"confidence_level":0.95,"lower_bound":0.015207223088323797,"upper_bound":0.018543347290860962},"point_estimate":0.016944456032996325,"standard_error":0.0008511122669614463},"Median":{"confidence_interval":{"confidence_level":0.95,"lower_bound":0.016863260406805747,"upper_bound":0.019111576864150104},"point_estimate":0.017730151445510822,"standard_error":0.0005747605448906833}}