{"Mean":{"confidence_interval":{"confidence_level":0.95,"lower_bound":651.8644254566926,"upper_bound":656.0507650464738},"point_estimate":653.7449848666581,"standard_error":1.0750981640939057},"Median":{"confidence_interval":{"confidence_level":0.95,"lower_bound":649.0118577075099,"upper_bound":652.9526632787502},"point_estimate":650.9461294399183,"standard_error":1.006677815433561},"MedianAbsDev":{"confidence_interval":{"confidence_level":0.95,"lower_bound":3.5990651534951312,"upper_bound":7.709721757560705},"point_estimate":5.442059982435502,"standard_error":1.0381775684083923},"Slope":{"confidence_interval":{"confidence_level":0.95,"lower_bound":652.7674339300085,"upper_bound":658.0743438363509},"point_estimate":655.1502311165575,"standard_error":1.3660423197897276},"StdDev":{"confidence_interval":{"confidence_level":0.95,"lower_bound":5.426340408216899,"upper_bound":15.90321811535562},"point_estimate":10.794710183288217,"standard_error":2.815153287410523}}