{"Mean":{"confidence_interval":{"confidence_level":0.95,"lower_bound":656.6562146308938,"upper_bound":659.197166548816},"point_estimate":657.8499901057477,"standard_error":0.6468260846006679},"Median":{"confidence_interval":{"confidence_level":0.95,"lower_bound":657.9379157953474,"upper_bound":659.9801718440185},"point_estimate":659.1097930489867,"standard_error":0.5275352299682818},"MedianAbsDev":{"confidence_interval":{"confidence_level":0.95,"lower_bound":1.7740882575951231,"upper_bound":4.9115549889351175},"point_estimate":3.5564796725673204,"standard_error":0.8415656305018254},"Slope":{"confidence_interval":{"confidence_level":0.95,"lower_bound":657.4290509770569,"upper_bound":661.299975522979},"point_estimate":659.0638455683471,"standard_error":1.001235878243786},"StdDev":{"confidence_interval":{"confidence_level":0.95,"lower_bound":4.283474403205321,"upper_bound":9.067977333071514},"point_estimate":6.480159783797566,"standard_error":1.3791317131314988}}