{"Mean":{"confidence_interval":{"confidence_level":0.95,"lower_bound":69981.73526771135,"upper_bound":70516.93417362984},"point_estimate":70217.43145976152,"standard_error":137.6038501993402},"Median":{"confidence_interval":{"confidence_level":0.95,"lower_bound":69754.0,"upper_bound":70380.09211718515},"point_estimate":69951.68253968254,"standard_error":176.31376493053799},"MedianAbsDev":{"confidence_interval":{"confidence_level":0.95,"lower_bound":693.1576804227516,"upper_bound":1016.2634486243846},"point_estimate":898.0274194016524,"standard_error":80.33809188120692},"Slope":{"confidence_interval":{"confidence_level":0.95,"lower_bound":70129.30469099397,"upper_bound":70461.75915388584},"point_estimate":70294.17492734348,"standard_error":84.6552771620138},"StdDev":{"confidence_interval":{"confidence_level":0.95,"lower_bound":689.1782675324166,"upper_bound":2091.363316192061},"point_estimate":1385.6055829878317,"standard_error":409.93546116470947}}