{"Mean":{"confidence_interval":{"confidence_level":0.95,"lower_bound":69605.58836976158,"upper_bound":69814.84747688542},"point_estimate":69709.04312425126,"standard_error":53.38351131194562},"Median":{"confidence_interval":{"confidence_level":0.95,"lower_bound":69428.14814814815,"upper_bound":69756.66666666667},"point_estimate":69554.3141025641,"standard_error":68.6332004505474},"MedianAbsDev":{"confidence_interval":{"confidence_level":0.95,"lower_bound":331.6761052798687,"upper_bound":652.9534144944117},"point_estimate":426.1234308405988,"standard_error":77.21015697936272},"Slope":{"confidence_interval":{"confidence_level":0.95,"lower_bound":69580.82426309751,"upper_bound":69803.45532254776},"point_estimate":69686.17995172652,"standard_error":56.677458455319886},"StdDev":{"confidence_interval":{"confidence_level":0.95,"lower_bound":467.0432582592545,"upper_bound":597.3407052432998},"point_estimate":536.7810679991276,"standard_error":33.209109368629896}}