{"Mean":{"confidence_interval":{"confidence_level":0.95,"lower_bound":732.462209742839,"upper_bound":735.5935328121736},"point_estimate":733.9807765686709,"standard_error":0.798212260852859},"Median":{"confidence_interval":{"confidence_level":0.95,"lower_bound":730.3033700544895,"upper_bound":734.4538236323713},"point_estimate":731.4334109527549,"standard_error":0.985816006247824},"MedianAbsDev":{"confidence_interval":{"confidence_level":0.95,"lower_bound":5.1468293740967805,"upper_bound":8.916463577506569},"point_estimate":7.127109855473322,"standard_error":0.9975340639513262},"Slope":{"confidence_interval":{"confidence_level":0.95,"lower_bound":731.9844963652207,"upper_bound":735.8970346328995},"point_estimate":733.8656416454744,"standard_error":0.9989217694825616},"StdDev":{"confidence_interval":{"confidence_level":0.95,"lower_bound":6.374826550500776,"upper_bound":9.544679529579575},"point_estimate":8.010591877471024,"standard_error":0.81383779219221}}