{"Mean":{"confidence_interval":{"confidence_level":0.95,"lower_bound":659.4004527313875,"upper_bound":666.9210785336678},"point_estimate":662.7202408130414,"standard_error":1.9311027452032428},"Median":{"confidence_interval":{"confidence_level":0.95,"lower_bound":658.9592489942876,"upper_bound":659.5841403381351},"point_estimate":659.255633581264,"standard_error":0.15865542301720906},"MedianAbsDev":{"confidence_interval":{"confidence_level":0.95,"lower_bound":1.1614875702913106,"upper_bound":3.3525063117330856},"point_estimate":2.1673235590570226,"standard_error":0.5724137519379449},"Slope":{"confidence_interval":{"confidence_level":0.95,"lower_bound":656.6340775338136,"upper_bound":658.6912545846975},"point_estimate":657.662906873393,"standard_error":0.5222735092249098},"StdDev":{"confidence_interval":{"confidence_level":0.95,"lower_bound":8.28383112730838,"upper_bound":27.937347573031726},"point_estimate":19.358491599422972,"standard_error":5.007014659312374}}