{"Mean":{"confidence_interval":{"confidence_level":0.95,"lower_bound":652.0407091569281,"upper_bound":653.8776928684726},"point_estimate":652.9533668734294,"standard_error":0.469385334419088},"Median":{"confidence_interval":{"confidence_level":0.95,"lower_bound":650.0531673421646,"upper_bound":654.7225891677675},"point_estimate":652.1217210794489,"standard_error":1.3001489959722976},"MedianAbsDev":{"confidence_interval":{"confidence_level":0.95,"lower_bound":3.857582606721933,"upper_bound":7.3957609810573866},"point_estimate":6.329610036581496,"standard_error":0.9551411865068928},"Slope":{"confidence_interval":{"confidence_level":0.95,"lower_bound":651.1780619783158,"upper_bound":653.7702637260295},"point_estimate":652.4602745197329,"standard_error":0.6630257646431779},"StdDev":{"confidence_interval":{"confidence_level":0.95,"lower_bound":4.34544930652831,"upper_bound":5.034165501342311},"point_estimate":4.720399526237846,"standard_error":0.17581391744281233}}