{"Mean":{"confidence_interval":{"confidence_level":0.95,"lower_bound":139.54083092023862,"upper_bound":139.86333436684603},"point_estimate":139.7029423380022,"standard_error":0.08212708864192256},"Median":{"confidence_interval":{"confidence_level":0.95,"lower_bound":139.53177520183456,"upper_bound":139.67463010083875},"point_estimate":139.6195890888162,"standard_error":0.03121770006812627},"MedianAbsDev":{"confidence_interval":{"confidence_level":0.95,"lower_bound":0.22784414409063844,"upper_bound":0.4310129395116063},"point_estimate":0.3305282061135957,"standard_error":0.0507884025753528},"Slope":{"confidence_interval":{"confidence_level":0.95,"lower_bound":139.65193456338866,"upper_bound":139.87267272759186},"point_estimate":139.7536245326329,"standard_error":0.05603032823557966},"StdDev":{"confidence_interval":{"confidence_level":0.95,"lower_bound":0.5970094870226881,"upper_bound":1.0282364552056344},"point_estimate":0.8297847514625386,"standard_error":0.10979715162538074}}