{"Mean":{"confidence_interval":{"confidence_level":0.95,"lower_bound":0.10037056148672241,"upper_bound":0.13402148634011204},"point_estimate":0.11774099521385128,"standard_error":0.008160305366825035},"Median":{"confidence_interval":{"confidence_level":0.95,"lower_bound":0.18076568779277616,"upper_bound":0.18390341687519096},"point_estimate":0.18267971417611606,"standard_error":0.008224101806084598}}