{"Mean":{"confidence_interval":{"confidence_level":0.95,"lower_bound":41551.752149413645,"upper_bound":41686.676011019896},"point_estimate":41615.48619645398,"standard_error":34.455275119695244},"Median":{"confidence_interval":{"confidence_level":0.95,"lower_bound":41472.902719885475,"upper_bound":41527.678571428565},"point_estimate":41497.71110758825,"standard_error":13.521733268263208},"MedianAbsDev":{"confidence_interval":{"confidence_level":0.95,"lower_bound":111.86497951016038,"upper_bound":228.03660238944002},"point_estimate":173.04417065130974,"standard_error":31.484616825644434},"Slope":{"confidence_interval":{"confidence_level":0.95,"lower_bound":41572.1678146537,"upper_bound":41728.06460458092},"point_estimate":41647.56200433476,"standard_error":39.7920426954242},"StdDev":{"confidence_interval":{"confidence_level":0.95,"lower_bound":245.17900664016463,"upper_bound":446.38406739999135},"point_estimate":347.169383784099,"standard_error":52.134236948573225}}