{"Mean":{"confidence_interval":{"confidence_level":0.95,"lower_bound":-0.07501248404548551,"upper_bound":-0.06913857402772661},"point_estimate":-0.07204550173356006,"standard_error":0.0015025115519138625},"Median":{"confidence_interval":{"confidence_level":0.95,"lower_bound":-0.07091438010224482,"upper_bound":-0.06596483416164713},"point_estimate":-0.06768887786538635,"standard_error":0.001263898232008971}}