{"Mean":{"confidence_interval":{"confidence_level":0.95,"lower_bound":-0.24742806169292514,"upper_bound":-0.24328482605113022},"point_estimate":-0.24547430846428953,"standard_error":0.0010502738630893242},"Median":{"confidence_interval":{"confidence_level":0.95,"lower_bound":-0.24845581698673702,"upper_bound":-0.2471862146304906},"point_estimate":-0.24777750787975483,"standard_error":0.00031977362879464296}}