{"Mean":{"confidence_interval":{"confidence_level":0.95,"lower_bound":-0.4878782410250897,"upper_bound":-0.48399463787944796},"point_estimate":-0.4857939392262879,"standard_error":0.0009976329173828325},"Median":{"confidence_interval":{"confidence_level":0.95,"lower_bound":-0.4856226569425338,"upper_bound":-0.48311677241106243},"point_estimate":-0.4838028928970728,"standard_error":0.0006556183575128126}}