{"Mean":{"confidence_interval":{"confidence_level":0.95,"lower_bound":137.6885814762609,"upper_bound":138.25807985986327},"point_estimate":137.9291154661902,"standard_error":0.14692857044113541},"Median":{"confidence_interval":{"confidence_level":0.95,"lower_bound":137.43922512028362,"upper_bound":137.75978799133395},"point_estimate":137.55027855153202,"standard_error":0.07710337540326725},"MedianAbsDev":{"confidence_interval":{"confidence_level":0.95,"lower_bound":0.4084066240728972,"upper_bound":0.7322561491520627},"point_estimate":0.49269533361217266,"standard_error":0.08379479894498694},"Slope":{"confidence_interval":{"confidence_level":0.95,"lower_bound":137.74011144964746,"upper_bound":138.45911857287783},"point_estimate":138.04801233085516,"standard_error":0.18408320501649372},"StdDev":{"confidence_interval":{"confidence_level":0.95,"lower_bound":0.6898385964169389,"upper_bound":2.2953185613362495},"point_estimate":1.4759764765601613,"standard_error":0.5176103288999955}}