{"Mean":{"confidence_interval":{"confidence_level":0.95,"lower_bound":156.38822731113913,"upper_bound":157.52942465692922},"point_estimate":156.89514054077458,"standard_error":0.2928386798364228},"Median":{"confidence_interval":{"confidence_level":0.95,"lower_bound":155.57488765530002,"upper_bound":156.76740975710047},"point_estimate":155.82513446884803,"standard_error":0.2661797394047882},"MedianAbsDev":{"confidence_interval":{"confidence_level":0.95,"lower_bound":0.8149614200206703,"upper_bound":1.9596284681347664},"point_estimate":1.2776168380210067,"standard_error":0.2843080434712562},"Slope":{"confidence_interval":{"confidence_level":0.95,"lower_bound":156.29891711658047,"upper_bound":157.45240328845608},"point_estimate":156.8612536910301,"standard_error":0.29522963587313966},"StdDev":{"confidence_interval":{"confidence_level":0.95,"lower_bound":1.6620283426692184,"upper_bound":4.319806119175617},"point_estimate":2.9392416903633967,"standard_error":0.8003300868862221}}