{"Mean":{"confidence_interval":{"confidence_level":0.95,"lower_bound":158.93403256152024,"upper_bound":159.67230508299698},"point_estimate":159.29596671954585,"standard_error":0.1874528445923003},"Median":{"confidence_interval":{"confidence_level":0.95,"lower_bound":159.1131842796633,"upper_bound":159.7863906949053},"point_estimate":159.6003459240399,"standard_error":0.18342988409736347},"MedianAbsDev":{"confidence_interval":{"confidence_level":0.95,"lower_bound":1.0185670882381939,"upper_bound":2.126239885037792},"point_estimate":1.530992390283858,"standard_error":0.29036420949826314},"Slope":{"confidence_interval":{"confidence_level":0.95,"lower_bound":159.52122222246234,"upper_bound":160.321175819688},"point_estimate":159.9059197361834,"standard_error":0.20439450247140056},"StdDev":{"confidence_interval":{"confidence_level":0.95,"lower_bound":1.5011182551759825,"upper_bound":2.2675631115813983},"point_estimate":1.8840328288369543,"standard_error":0.1978205960084739}}