{"Mean":{"confidence_interval":{"confidence_level":0.95,"lower_bound":60.04159892243096,"upper_bound":60.243193996868634},"point_estimate":60.14117694502102,"standard_error":0.05145855533768773},"Median":{"confidence_interval":{"confidence_level":0.95,"lower_bound":59.76493213329301,"upper_bound":60.2301534065666},"point_estimate":60.079999950723774,"standard_error":0.10945061440422256},"MedianAbsDev":{"confidence_interval":{"confidence_level":0.95,"lower_bound":0.38833228165989764,"upper_bound":0.7788925044168248},"point_estimate":0.6025729827127257,"standard_error":0.09788661893401222},"Slope":{"confidence_interval":{"confidence_level":0.95,"lower_bound":59.95833317043932,"upper_bound":60.168450215410886},"point_estimate":60.05755495170572,"standard_error":0.05351063977786204},"StdDev":{"confidence_interval":{"confidence_level":0.95,"lower_bound":0.4486178554085912,"upper_bound":0.5990219053550708},"point_estimate":0.5174661518391654,"standard_error":0.03974213296651426}}