{"Mean":{"confidence_interval":{"confidence_level":0.95,"lower_bound":11.284221928002188,"upper_bound":11.33355624145142},"point_estimate":11.30241778275858,"standard_error":0.01411430482365367},"Median":{"confidence_interval":{"confidence_level":0.95,"lower_bound":11.289685069354146,"upper_bound":11.291340448742302},"point_estimate":11.290203544491508,"standard_error":0.000437351625845906},"MedianAbsDev":{"confidence_interval":{"confidence_level":0.95,"lower_bound":0.00280566237940488,"upper_bound":0.005091622854154405},"point_estimate":0.003934607880234202,"standard_error":0.0005788792558069472},"Slope":{"confidence_interval":{"confidence_level":0.95,"lower_bound":11.27067018528513,"upper_bound":11.337158447515971},"point_estimate":11.296702019913502,"standard_error":0.017545191841897467},"StdDev":{"confidence_interval":{"confidence_level":0.95,"lower_bound":0.018895882482869126,"upper_bound":0.24065138279464887},"point_estimate":0.14170044064547407,"standard_error":0.07566828399616338}}