{"Mean":{"confidence_interval":{"confidence_level":0.95,"lower_bound":11.106719819257508,"upper_bound":11.130351856938715},"point_estimate":11.117646037859886,"standard_error":0.006037868550524179},"Median":{"confidence_interval":{"confidence_level":0.95,"lower_bound":11.096058102637048,"upper_bound":11.111777698056283},"point_estimate":11.102135047249392,"standard_error":0.00422961131931559},"MedianAbsDev":{"confidence_interval":{"confidence_level":0.95,"lower_bound":0.022081898320302183,"upper_bound":0.03670383462194244},"point_estimate":0.03111173206840729,"standard_error":0.003747193600885126},"Slope":{"confidence_interval":{"confidence_level":0.95,"lower_bound":11.104704963931404,"upper_bound":11.121278049438564},"point_estimate":11.11226962793428,"standard_error":0.004252512065950724},"StdDev":{"confidence_interval":{"confidence_level":0.95,"lower_bound":0.037786510166998556,"upper_bound":0.08300703375965292},"point_estimate":0.060678362079734,"standard_error":0.011778492812723203}}