{"Mean":{"confidence_interval":{"confidence_level":0.95,"lower_bound":-0.22386754308719842,"upper_bound":-0.21916422323454773},"point_estimate":-0.22146557526402622,"standard_error":0.0012035673547248283},"Median":{"confidence_interval":{"confidence_level":0.95,"lower_bound":-0.2204961731904438,"upper_bound":-0.21503951041934316},"point_estimate":-0.21827379888589304,"standard_error":0.0012568634699253963}}