{"Mean":{"confidence_interval":{"confidence_level":0.95,"lower_bound":100242.08465638387,"upper_bound":100566.54044004132},"point_estimate":100397.83054876793,"standard_error":82.92542891790924},"Median":{"confidence_interval":{"confidence_level":0.95,"lower_bound":100157.52577319587,"upper_bound":100487.31343283581},"point_estimate":100379.56140350876,"standard_error":96.23267080102585},"MedianAbsDev":{"confidence_interval":{"confidence_level":0.95,"lower_bound":452.966426485154,"upper_bound":742.9975329395218},"point_estimate":563.8496768317603,"standard_error":73.19667545993651},"Slope":{"confidence_interval":{"confidence_level":0.95,"lower_bound":100246.43831560752,"upper_bound":100536.45091715477},"point_estimate":100389.19343874686,"standard_error":73.7851385244414},"StdDev":{"confidence_interval":{"confidence_level":0.95,"lower_bound":606.3495945518889,"upper_bound":1038.9452234146547},"point_estimate":832.2360840579647,"standard_error":110.60930816740411}}