{"Mean":{"confidence_interval":{"confidence_level":0.95,"lower_bound":-0.0025218162570942605,"upper_bound":0.001859309648729599},"point_estimate":-0.00003351777064275474,"standard_error":0.001125633811022102},"Median":{"confidence_interval":{"confidence_level":0.95,"lower_bound":-0.0007264610346282563,"upper_bound":0.00315654528466891},"point_estimate":0.0009279155508408188,"standard_error":0.0009643222232412172}}