{"Mean":{"confidence_interval":{"confidence_level":0.95,"lower_bound":33.35196281431889,"upper_bound":33.603026058713475},"point_estimate":33.45642656164267,"standard_error":0.06552393035219022},"Median":{"confidence_interval":{"confidence_level":0.95,"lower_bound":33.25502018158243,"upper_bound":33.31951533555974},"point_estimate":33.28181285142325,"standard_error":0.018219523372976082},"MedianAbsDev":{"confidence_interval":{"confidence_level":0.95,"lower_bound":0.09048568269875805,"upper_bound":0.17764907536230243},"point_estimate":0.12838474543936107,"standard_error":0.023465062720696074},"Slope":{"confidence_interval":{"confidence_level":0.95,"lower_bound":33.40175398338649,"upper_bound":33.74204053415419},"point_estimate":33.54280467349426,"standard_error":0.08839844547973508},"StdDev":{"confidence_interval":{"confidence_level":0.95,"lower_bound":0.24740279797383577,"upper_bound":1.0384949069974496},"point_estimate":0.6567347142813312,"standard_error":0.2405022166937093}}