{"Mean":{"confidence_interval":{"confidence_level":0.95,"lower_bound":33.74966708333695,"upper_bound":33.98506555503051},"point_estimate":33.85823218125572,"standard_error":0.060208445863841296},"Median":{"confidence_interval":{"confidence_level":0.95,"lower_bound":33.686543051400065,"upper_bound":33.89201139038852},"point_estimate":33.87845964729463,"standard_error":0.04601907440010565},"MedianAbsDev":{"confidence_interval":{"confidence_level":0.95,"lower_bound":0.2748815945331727,"upper_bound":0.5933431451072342},"point_estimate":0.41373657556565524,"standard_error":0.08500485911619012},"Slope":{"confidence_interval":{"confidence_level":0.95,"lower_bound":33.722932736250044,"upper_bound":33.912953273814914},"point_estimate":33.81287608710877,"standard_error":0.048498966184399125},"StdDev":{"confidence_interval":{"confidence_level":0.95,"lower_bound":0.37382913800848666,"upper_bound":0.8391678525857951},"point_estimate":0.606264599688603,"standard_error":0.12290590017678842}}