{"Mean":{"confidence_interval":{"confidence_level":0.95,"lower_bound":33.38166026505713,"upper_bound":33.630610535453144},"point_estimate":33.495516231681584,"standard_error":0.06381964968068755},"Median":{"confidence_interval":{"confidence_level":0.95,"lower_bound":33.32196386146428,"upper_bound":33.52382893440674},"point_estimate":33.514156067434634,"standard_error":0.061714914765467394},"MedianAbsDev":{"confidence_interval":{"confidence_level":0.95,"lower_bound":0.17419834520780944,"upper_bound":0.5413622367128123},"point_estimate":0.3779567134524795,"standard_error":0.1025446536275572},"Slope":{"confidence_interval":{"confidence_level":0.95,"lower_bound":33.28127856946642,"upper_bound":33.56210431961821},"point_estimate":33.40632506558421,"standard_error":0.07240789007503472},"StdDev":{"confidence_interval":{"confidence_level":0.95,"lower_bound":0.362481602343473,"upper_bound":0.8708099760021484},"point_estimate":0.6399865591517074,"standard_error":0.1290429445849327}}