{"Mean":{"confidence_interval":{"confidence_level":0.95,"lower_bound":0.013889400234315575,"upper_bound":0.020323786678313385},"point_estimate":0.017167352569785077,"standard_error":0.0016408324569106342},"Median":{"confidence_interval":{"confidence_level":0.95,"lower_bound":0.018648257959064773,"upper_bound":0.023132663182843682},"point_estimate":0.020834603041423927,"standard_error":0.0012279176651144562}}