{"Mean":{"confidence_interval":{"confidence_level":0.95,"lower_bound":191.6933386242178,"upper_bound":192.18562790351908},"point_estimate":191.91109223758397,"standard_error":0.1266385103904334},"Median":{"confidence_interval":{"confidence_level":0.95,"lower_bound":191.5277182364561,"upper_bound":191.74049352750808},"point_estimate":191.65659931776435,"standard_error":0.06141602373563438},"MedianAbsDev":{"confidence_interval":{"confidence_level":0.95,"lower_bound":0.3368750911066555,"upper_bound":0.5684896906731737},"point_estimate":0.4712773763965272,"standard_error":0.06163440866199729},"Slope":{"confidence_interval":{"confidence_level":0.95,"lower_bound":191.6620723136355,"upper_bound":192.07617692691707},"point_estimate":191.8354318573431,"standard_error":0.10689081160519577},"StdDev":{"confidence_interval":{"confidence_level":0.95,"lower_bound":0.5235996298095893,"upper_bound":1.864474286355668},"point_estimate":1.2757369978736388,"standard_error":0.35019356558686593}}